SiteName,PrimaryUse,Borough,AreaHa,Access,,,,,,,,,
Waterlow Park,Park,Camden,10.0634,Free,,,,,,,,,
3 Point Park,Play space,Camden,0.0712,Free,,Borough,Population,Total Hectares,Avg Hectares,No. of Sites,Hectares per capita,Sites per capita,Avg IMD Score
Grove Terrace Squares,Formal garden,Camden,0.3615,Free,,Islington,217000,86.0098,0.7298140625,128,3.96E-04,5.90E-04,4.49
Russell Square,Formal garden,Camden,2.4687,Free,,Kensington & Chelsea,144000,64.2706,0.637719802,101,4.46E-04,7.01E-04,5.21
St George's Gardens,Formal garden,Camden,0.838,Free,,Lambeth,317000,214.3485,2.213864948,97,6.76E-04,3.06E-04,4.53
St Pancras New Church Ground,Formal garden,Camden,0.0505,Free,,Tower Hamlets,326000,263.5192,1.845053061,147,8.08E-04,4.51E-04,5.19
British Library Forecourt,Civic/market square,Camden,0.4087,Restricted,,Southwark,312000,326.3587,3.774866667,87,1.05E-03,2.79E-04,4.87
St Pancras Gardens,Park,Camden,2.1271,Free,,Hammersmith & Fulham,183000,199.2884,4.312871111,45,1.09E-03,2.46E-04,4.51
Goldington Crescent Gardens,Formal garden,Camden,0.2735,Free,,Hackney,261000,307.1079,3.343797849,93,1.18E-03,3.56E-04,4.33
St Katherines Precinct,Landscaping around premises,Camden,0.1289,Free,,Westminster,205000,242.2576,3.066528283,99,1.18E-03,4.83E-04,5.26
Langdale open space,Amenity green space,Camden,0.133,Free,,Lewisham,299000,384.3848,4.106269307,101,1.29E-03,3.38E-04,4.65
Kirkfell open space,Amenity green space,Camden,0.0532,Free,,Wandsworth,329000,465.409,6.127313636,66,1.41E-03,2.01E-04,5.87
Clarence Way Open Space,Amenity green space,Camden,0.2374,Free,,Camden,218000,585.9215,3.589220765,183,2.69E-03,8.39E-04,5.41
Augustus House MUGA,Other recreational,Camden,0.0481,Free,,Greenwich,291000,813.156,3.709733838,198,2.79E-03,6.80E-04,4.33
Camden Gardens,Formal garden,Camden,0.2319,Free,,,,,,,,,
Regents Canal - Regents Park,Canal,Camden,0.4486,Free,,,,,,,,,
Lupton Road pocket park (north),Park,Camden,0.0086,Free,,,,,,,,,
St Benets Ground (South),Park,Camden,0.042,Free,,,,,,,,,
Alf Barrett Playground,Play space,Camden,0.0614,Free,,,,,,,,,
Doynton Street Open Space,Formal garden,Camden,0.0383,Free,,,,,,,,,
Hampstead Heath - Northeast,Other recreational,Camden,36.9751,Free,,,,,,,,,
Hampstead Heath - Whitestone Pond,Other recreational,Camden,0.2952,Free,,,,,,,,,
Oriel Place Garden,Civic/market square,Camden,0.0154,Free,,,,,,,,,
Hampstead Heath - Whitestone Garden,Public woodland,Camden,0.1542,Free,,,,,,,,,
Hampstead Heath - Hill Garden and Pergola,Formal garden,Camden,1.3895,Free,,,,,,,,,
Branch Hill House Woodland,Public woodland,Camden,0.2134,Free,,,,,,,,,
King's College Hampstead Campus,Formal garden,Camden,0.3719,Free,,,,,,,,,
Hampstead Heath - West Heath,Other recreational,Camden,30.0321,Free,,,,,,,,,
Regent's Place - Regent's Plaza,Civic/market square,Camden,0.3158,Free,,,,,,,,,
Maiden Lane Open Space,Amenity green space,Camden,0.8507,Free,,,,,,,,,
Maitland Park Villas,Amenity green space,Camden,0.0725,Free,,,,,,,,,
Iverson Road Open Space,Park,Camden,0.2416,Free,,,,,,,,,
Harrington House open space,Amenity green space,Camden,0.0479,Free,,,,,,,,,
Brunswick Square,Other hard surfaced areas,Camden,0.245,Free,,,,,,,,,
Grand Union Canal - Regents Canal,Canal,Camden,5.8114,Free,,,,,,,,,
West Kentish Town Estate Play Area,Other recreational,Camden,0.0843,Free,,,,,,,,,
Hampstead Heath - Sandy Heath,Other recreational,Camden,19.7517,Free,,,,,,,,,
Hampstead Heath - East Heath,Park,Camden,66.8047,Free,,,,,,,,,
Hampstead Parish Churchyard,Cemetery/churchyard,Camden,0.9073,Free,,,,,,,,,
Hampstead Heath - Whitestone Pond,Other recreational,Camden,0.1081,Free,,,,,,,,,
Fortune Green,Park,Camden,0.8295,Free,,,,,,,,,
Polygon Road Playground,Play space,Camden,0.0861,Free,,,,,,,,,
St Andrews Gardens,Formal garden,Camden,0.6731,Free,,,,,,,,,
Maiden Lane open space and playground,Play space,Camden,0.1515,Free,,,,,,,,,
Gordon Square Garden,Formal garden,Camden,0.9195,Free,,,,,,,,,
102 Camley Street play space,Play space,Camden,0.0253,Free,,,,,,,,,
Cumberland Market Estate Playground,Play space,Camden,0.0481,Free,,,,,,,,,
Derwent open space,Amenity green space,Camden,0.0601,Free,,,,,,,,,
Clarence Gardens,Formal garden,Camden,0.3049,Free,,,,,,,,,
Castlehaven Community Park,Park,Camden,0.8983,Free,,,,,,,,,
St George's Terrace Open Space,Formal garden,Camden,0.0998,Free,,,,,,,,,
West Kentish Town Estate,Amenity green space,Camden,0.6444,Free,,,,,,,,,
Falkland Place Open Space,Play space,Camden,0.0639,Free,,,,,,,,,
Carlton Playing Court,Other recreational,Camden,0.1015,Free,,,,,,,,,
Belsize Wood Nature Reserve,Nature reserve,Camden,0.2851,Restricted,,,,,,,,,
Talacre Open Space,Park,Camden,1.8896,Free,,,,,,,,,
"St Martin's Church, Gospel Oak",Cemetery/churchyard,Camden,0.1175,Free,,,,,,,,,
Primrose Hill,Park,Camden,25.2299,Free,,,,,,,,,
SOAS Open Space,Amenity green space,Camden,0.1249,De facto,,,,,,,,,
Central Saint Giles,Civic/market square,Camden,0.1158,Free,,,,,,,,,
New Square Gardens,Formal garden,Camden,0.305,Restricted,,,,,,,,,
Westbere Copse Public Open Space,Public woodland,Camden,0.1659,Free,,,,,,,,,
Quex Road Playground,Play space,Camden,0.041,Free,,,,,,,,,
Heritage Lane Square,Civic/market square,Camden,0.0355,Free,,,,,,,,,
West End Lane,Park,Camden,0.1284,Free,,,,,,,,,
Westbere Copse (Jenny Wood) Nature Reserve,Nature reserve,Camden,0.2288,Restricted,,,,,,,,,
Mill Lane (no. 160),Play space,Camden,0.1648,Free,,,,,,,,,
Fleet Valley Pocket Park,Park,Camden,0.0629,Free,,,,,,,,,
Malet Street Gardens,Formal garden,Camden,0.255,Restricted,,,,,,,,,
Whitfield Gardens,Formal garden,Camden,0.0944,Free,,,,,,,,,
Princes Circus (north),Civic/market square,Camden,0.1223,Free,,,,,,,,,
Marchmont Community Garden,Community garden,Camden,0.0258,Free,,,,,,,,,
Cumberland Market,Park,Camden,0.4823,Free,,,,,,,,,
Wharf Road Gardens,Formal garden,Camden,0.1862,Free,,,,,,,,,
UCL Courtyard (Gower Gardens),Civic/market square,Camden,0.4488,Free,,,,,,,,,
Brookes Market Open Space,Civic/market square,Camden,0.0548,Free,,,,,,,,,
Alexandra Road Park,Park,Camden,1.2235,Free,,,,,,,,,
Tavistock Square Gardens (Camden),Formal garden,Camden,0.9491,Free,,,,,,,,,
Calthorpe Community Garden,Community garden,Camden,0.4383,Restricted,,,,,,,,,
Woburn Square Gardens,Formal garden,Camden,0.1959,Restricted,,,,,,,,,
Augustus House Play Area,Play space,Camden,0.1054,Free,,,,,,,,,
Alfred Place Gardens,Formal garden,Camden,0.1435,Free,,,,,,,,,
The Phoenix Garden,Community garden,Camden,0.12,Free,,,,,,,,,
Whitfield Gardens Children's Play Area,Play space,Camden,0.0568,Restricted,,,,,,,,,
Lymington Road Estate Play Area,Play space,Camden,0.247,Free,,,,,,,,,
Lithos Estate Open Space,Amenity green space,Camden,0.0991,Free,,,,,,,,,
Lithos Road Playground,Other recreational,Camden,0.2097,Free,,,,,,,,,
Primrose Gardens,Formal garden,Camden,0.1204,Free,,,,,,,,,
Brunswick Square Gardens,Formal garden,Camden,0.8921,Free,,,,,,,,,
Garden of Friends House,Formal garden,Camden,0.096,Free,,,,,,,,,
College Gardens (Camden),Formal garden,Camden,0.0399,Free,,,,,,,,,
Verwood Gardens,Play space,Camden,0.1498,Free,,,,,,,,,
Ampthill Square,Formal garden,Camden,0.6093,Free,,,,,,,,,
Westminster Kingsway College Regent's Park,Park,Camden,0.0304,Free,,,,,,,,,
Great Queen Street,Civic/market square,Camden,0.0392,Free,,,,,,,,,
Howland Street square,Civic/market square,Camden,0.014,Free,,,,,,,,,
Gray's Inn Square,Formal garden,Camden,0.3533,Restricted,,,,,,,,,
St Giles Church Open Space,Other recreational,Camden,0.3501,Free,,,,,,,,,
Windmill Square Pocket Park,Park,Camden,0.0503,Free,,,,,,,,,
Granary Square,Civic/market square,Camden,0.6685,Free,,,,,,,,,
Coram's Fields,Play space,Camden,2.7344,Restricted,,,,,,,,,
Gasholder Park,Formal garden,Camden,0.151,Free,,,,,,,,,
Jellicoe Gardens,Formal garden,Camden,0.1234,Free,,,,,,,,,
Polygon Road Open Space,Play space,Camden,0.4753,Free,,,,,,,,,
Bagshot House Open Space,Amenity green space,Camden,0.0635,Free,,,,,,,,,
Mayford Amenity Greenspace,Amenity green space,Camden,0.0135,De facto,,,,,,,,,
Frances Crick Garden,Park,Camden,0.0306,Free,,,,,,,,,
St Martin's Gardens,Formal garden,Camden,0.7097,Free,,,,,,,,,
Cantelowes Garden,Park,Camden,1.4649,Free,,,,,,,,,
Lupton Road pocket park (south),Park,Camden,0.0075,Free,,,,,,,,,
Maitland Park Terrace,Amenity green space,Camden,1.0284,De facto,,,,,,,,,
Camley Street Natural Park,Nature reserve,Camden,0.8448,Restricted,,,,,,,,,
Gray's Inn Gardens,Formal garden,Camden,2.2263,Restricted,,,,,,,,,
Maygrove Walk,Park,Camden,0.1035,Free,,,,,,,,,
Sumatra Road Playground,Play space,Camden,0.1162,Free,,,,,,,,,
Highgate Enclosures,Formal garden,Camden,0.3857,Free,,,,,,,,,
Harrington Square Gardens,Formal garden,Camden,0.4754,Free,,,,,,,,,
Montpelier Gardens,Park,Camden,0.3727,Free,,,,,,,,,
Islip Street Playground,Other recreational,Camden,0.3571,Free,,,,,,,,,
Hawkshead estate,Formal garden,Camden,0.0208,Free,,,,,,,,,
Regent's Place,Civic/market square,Camden,0.0736,Free,,,,,,,,,
Broadhurst Gardens Childrens Play Area,Play space,Camden,0.0681,Free,,,,,,,,,
Lincoln's Inn Fields,Park,Camden,2.8921,Free,,,,,,,,,
Handyside Gardens,Park,Camden,0.2007,Free,,,,,,,,,
Fitzroy Square Gardens,Formal garden,Camden,0.3155,Restricted,,,,,,,,,
Olympic Ring Park,Walking/cycling route,Camden,0.0368,Free,,,,,,,,,
Curnock Estate Open Space,Formal garden,Camden,0.6314,De facto,,,,,,,,,
Rochester Terrace Gardens,Formal garden,Camden,0.4426,Free,,,,,,,,,
Falkland Lawn,Amenity green space,Camden,0.0301,Free,,,,,,,,,
Tybalds Play Area,Play space,Camden,0.0618,Free,,,,,,,,,
Torrington Square,Civic/market square,Camden,0.5301,Free,,,,,,,,,
Hope Gardens,Park,Camden,0.0428,Free,,,,,,,,,
Huntley Street Pocket Park,Park,Camden,0.0043,Free,,,,,,,,,
Poets Park,Park,Camden,0.0218,Free,,,,,,,,,
Ossulston Estate Open Space,Youth area,Camden,0.0844,Free,,,,,,,,,
Pancras Square,Civic/market square,Camden,0.4434,Free,,,,,,,,,
Wayne Kirkham Way,Walking/cycling route,Camden,0.1005,Free,,,,,,,,,
Stanhope Street open space,Amenity green space,Camden,0.048,Free,,,,,,,,,
Munster Square,Park,Camden,0.2252,Free,,,,,,,,,
Bramber Green,Park,Camden,0.362,Free,,,,,,,,,
Harrington House garden,Amenity green space,Camden,0.0619,De facto,,,,,,,,,
Argyle Square Gardens,Formal garden,Camden,0.325,Free,,,,,,,,,
Crabtree Fields,Formal garden,Camden,0.1253,Free,,,,,,,,,
Princes Circus (south),Civic/market square,Camden,0.0271,Free,,,,,,,,,
The Warren,Play space,Camden,0.0496,Free,,,,,,,,,
Queen Square Garden,Formal garden,Camden,0.4212,Free,,,,,,,,,
Maygrove Peace Park,Park,Camden,0.8182,Free,,,,,,,,,
Camden Square gardens,Formal garden,Camden,0.5998,Free,,,,,,,,,
Red Lion Square Gardens,Formal garden,Camden,0.2545,Free,,,,,,,,,
Bloomsbury Square Gardens,Formal garden,Camden,0.7518,Free,,,,,,,,,
Bedford Avenue Pocket Park,Park,Camden,0.028,Free,,,,,,,,,
New Calthorpe Estate Open Space,Play space,Camden,0.0875,Free,,,,,,,,,
Wicklow Street Open Space,Play space,Camden,0.044,Free,,,,,,,,,
Cartwright Gardens,Formal garden,Camden,0.576,Free,,,,,,,,,
Regent Square,Formal garden,Camden,0.2652,Free,,,,,,,,,
Gasholder Park gardens,Park,Camden,0.4628,Free,,,,,,,,,
Lewis Cubitt Square,Civic/market square,Camden,0.3096,Free,,,,,,,,,
Lewis Cubbitt Park,Park,Camden,0.4693,Free,,,,,,,,,
Purchese Street Open Space,Park,Camden,0.5963,Free,,,,,,,,,
Augustus and Redhill Allotments Path,Walking/cycling route,Camden,0.1643,Free,,,,,,,,,
Richard Cobden junction,Civic/market square,Camden,0.0827,Free,,,,,,,,,
Oakley Square Gardens,Formal garden,Camden,0.68,Free,,,,,,,,,
Tolmers Square,Park,Camden,0.1025,Free,,,,,,,,,
Cartmel Estate,Play space,Camden,0.09,Free,,,,,,,,,
Swiss Cottage Open Space,Other recreational,Camden,0.9125,Free,,,,,,,,,
Chalcot Square,Formal garden,Camden,0.1719,Free,,,,,,,,,
Kilburn Grange Park,Park,Camden,3.3818,Free,,,,,,,,,
Abbey Road Open Space,Park,Camden,0.5253,Free,,,,,,,,,
Elm Village Open Space,Park,Camden,0.2964,Free,,,,,,,,,
Leighton Crescent Playground,Formal garden,Camden,0.1159,Free,,,,,,,,,
Elm Village Estate Playground,Play space,Camden,0.0413,Free,,,,,,,,,
Pond Square Gardens,Civic/market square,Camden,0.3174,Free,,,,,,,,,
Inkerman Garden,Community garden,Camden,0.0201,Free,,,,,,,,,
Lismore Circus,Formal garden,Camden,0.9822,Free,,,,,,,,,
Burlington Court Triangle,Formal garden,Camden,0.0077,Free,,,,,,,,,
Russell Nursery open space (central),Public woodland,Camden,0.2506,Free,,,,,,,,,
Hampstead Heath - Parliament Hill Fields,Other recreational,Camden,272.8551,Free,,,,,,,,,
Hampstead Heath - Kenwood Estate,Park,Camden,45.2706,Free,,,,,,,,,
Heath Street Open Space,Other hard surfaced areas,Camden,0.1232,Free,,,,,,,,,
Spedan Close Play Area,Play space,Camden,0.1173,Free,,,,,,,,,
Hillfield Road Open Space,Amenity green space,Camden,0.0087,Free,,,,,,,,,
Hampstead Cemetery,Cemetery/churchyard,Camden,9.2737,Free,,,,,,,,,
Antrim Grove Public Gardens,Formal garden,Camden,0.0832,Free,,,,,,,,,
Caerleon Terrace,Amenity green space,Greenwich,0.237,Free,,,,,,,,,
St. Nicholas Gardens,Park,Greenwich,1.3779,Free,,,,,,,,,
Woolwich Common,Nature reserve,Greenwich,41.9976,Free,,,,,,,,,
Heathfield Terrace,Amenity green space,Greenwich,0.6545,Free,,,,,,,,,
Shrewsbury Park,Park,Greenwich,14.7617,Free,,,,,,,,,
Twin Tumps and Gallions Lake,Nature reserve,Greenwich,12.4399,De facto,,,,,,,,,
Avery Hill Fields,Playing fields,Greenwich,12.0809,Free,,,,,,,,,
Prince Imperial Road Play Area,Play space,Greenwich,0.0227,Free,,,,,,,,,
Savendroog Castle Meadow,Nature reserve,Greenwich,0.8336,Free,,,,,,,,,
John Little Playing Field,Playing fields,Greenwich,3.2916,Free,,,,,,,,,
Triangle opposite Roman Square,Amenity green space,Greenwich,0.3355,Free,,,,,,,,,
Shepherdleas Wood,Public woodland,Greenwich,20.5285,De facto,,,,,,,,,
Hornfair Park,Playing fields,Greenwich,9.9669,Free,,,,,,,,,
The Course,Recreation ground,Greenwich,3.8279,Free,,,,,,,,,
Thames Path in Greenwich,Walking/cycling route,Greenwich,13.3795,Free,,,,,,,,,
Greening Street Green,Playing fields,Greenwich,0.5198,Free,,,,,,,,,
Bostall Gardens,Park,Greenwich,1.0122,Free,,,,,,,,,
William Barefoot Garden,Formal garden,Greenwich,0.3103,Free,,,,,,,,,
Birchmere Park,Park,Greenwich,17.6208,Free,,,,,,,,,
Playing Field South-East of Fairy Hill,Playing fields,Greenwich,2.4118,Free,,,,,,,,,
Sibthorpe Road Green,Amenity green space,Greenwich,0.3913,Free,,,,,,,,,
Southwood Road Leisue Complex (Playing Field),Playing fields,Greenwich,2.4575,Free,,,,,,,,,
Bately Park,Park,Greenwich,0.4069,Free,,,,,,,,,
Rockcliffe gardens,Park,Greenwich,2.0682,Free,,,,,,,,,
Bostall Heath,Common,Greenwich,21.1063,Free,,,,,,,,,
Plumstead Common,Common,Greenwich,25.0576,Free,,,,,,,,,
Manorway green west,Amenity green space,Greenwich,0.6116,Free,,,,,,,,,
Hawksmoor Park,Park,Greenwich,2.9831,Free,,,,,,,,,
Plumstead Gardens,Park,Greenwich,2.4804,Free,,,,,,,,,
Abbey Wood Park playing field,Playing fields,Greenwich,2.2507,Free,,,,,,,,,
Academy Place Resevoirs Playing Fields,Playing fields,Greenwich,1.306,Free,,,,,,,,,
Oxleas Wood Grassland,Nature reserve,Greenwich,3.145,Free,,,,,,,,,
Dot Hill Road Allotments,Allotments,Greenwich,0.7563,Free,,,,,,,,,
Alderwood Rd,Amenity green space,Greenwich,1.2975,Free,,,,,,,,,
Maryon Park,Park,Greenwich,12.4556,Free,,,,,,,,,
Kingsholm Gardens,Amenity green space,Greenwich,0.3582,Free,,,,,,,,,
Thames Path Reedbed etc,Nature reserve,Greenwich,0.4664,Free,,,,,,,,,
Casterbridge Road,Amenity green space,Greenwich,1.5388,Free,,,,,,,,,
Plumstead Common W of Old Mill Rd,Common,Greenwich,1.0794,Free,,,,,,,,,
Pettman Crescent,Park,Greenwich,3.1123,Free,,,,,,,,,
Saverndroog Castle glade and rose garden,Formal garden,Greenwich,0.7225,Free,,,,,,,,,
Walpole Place,Amenity green space,Greenwich,0.6362,Free,,,,,,,,,
Greenhaven Drive bank,Amenity green space,Greenwich,0.3611,Free,,,,,,,,,
Castle Wood,Nature reserve,Greenwich,3.0551,Free,,,,,,,,,
Woolwich Common Pavement Island,Amenity green space,Greenwich,0.2247,Free,,,,,,,,,
Spekehill and Buckler Gardens,Amenity green space,Greenwich,0.7765,Free,,,,,,,,,
Dallin Road/Plum Lane Amenity Space,Amenity green space,Greenwich,0.2369,Free,,,,,,,,,
Eaglesfield Park,Recreation ground,Greenwich,1.3916,Free,,,,,,,,,
Wilton Park Court,Amenity green space,Greenwich,0.2161,Free,,,,,,,,,
Eltham Church,Cemetery/churchyard,Greenwich,1.5546,Free,,,,,,,,,
New Eltham Allotments Grassland,Amenity green space,Greenwich,2.1728,Free,,,,,,,,,
Neslon Mandela Way Playing Fields,Playing fields,Greenwich,1.9755,Free,,,,,,,,,
Mottingham common,Nature reserve,Greenwich,7.6257,Free,,,,,,,,,
Ridgebrook Rd Green/Storkway Family Resources Centre,Amenity green space,Greenwich,0.9307,Free,,,,,,,,,
Nickleby Close green,Park,Greenwich,0.6268,Free,,,,,,,,,
Woolwich Poly playing fields,Playing fields,Greenwich,4.5737,Free,,,,,,,,,
Joan Crescent,Amenity green space,Greenwich,0.3344,Free,,,,,,,,,
Bournwood Road Strip,Park,Greenwich,0.1181,Free,,,,,,,,,
Kidbrook station scrub - west,Recreation ground,Greenwich,0.2242,Free,,,,,,,,,
Winchcombe Gardens green,Amenity green space,Greenwich,0.4568,Free,,,,,,,,,
Paston Crescent Green,Amenity green space,Greenwich,0.409,Free,,,,,,,,,
Plumstead Common Nature Reserve,Nature reserve,Greenwich,0.6249,Free,,,,,,,,,
Silwood Crescent Green,Amenity green space,Greenwich,0.1777,Free,,,,,,,,,
Phillipa Gardens,Amenity green space,Greenwich,0.2463,Free,,,,,,,,,
Abbey Wood Park,Park,Greenwich,4.7585,Free,,,,,,,,,
Battery Road Green Space,Amenity green space,Greenwich,0.2603,Free,,,,,,,,,
Eltham Common Woodland,Nature reserve,Greenwich,10.0992,Free,,,,,,,,,
St Alfege Park,Park,Greenwich,0.8889,Free,,,,,,,,,
Dreadnought Walk Play Area,Play space,Greenwich,0.1237,Free,,,,,,,,,
Harvey Gardens,Amenity green space,Greenwich,0.2087,Free,,,,,,,,,
Eastmore Street Park,Park,Greenwich,0.6122,Free,,,,,,,,,
Avery Hill Park,Park,Greenwich,23.1133,Free,,,,,,,,,
"Bidderden Way, Beaumanor Gardens, Swaithland Gardens and Jason Walk",Amenity green space,Greenwich,1.9831,Free,,,,,,,,,
Sidcup Rd sports ground,Recreation ground,Greenwich,11.9648,Free,,,,,,,,,
Queens Gardens,Park,Greenwich,0.4106,Free,,,,,,,,,
Will Crooks Gardens Bank,Amenity green space,Greenwich,1.118,Free,,,,,,,,,
Cator Park,Park,Greenwich,7.7172,Free,,,,,,,,,
Weigall Road Playing Fields,Playing fields,Greenwich,2.9624,Free,,,,,,,,,
Beresford Square,Civic/market square,Greenwich,0.5813,Free,,,,,,,,,
Valley Grove Wood Amenity Space,Amenity green space,Greenwich,0.3786,Free,,,,,,,,,
Southern Park,Park,Greenwich,2.5018,Free,,,,,,,,,
"St. Nicholas's Church, Deptford",Cemetery/churchyard,Greenwich,0.2759,Free,,,,,,,,,
Northern Park,Park,Greenwich,4.1749,Free,,,,,,,,,
Greenwich Park,Park,Greenwich,72.4421,Free,,,,,,,,,
Oxleas Wood,Public woodland,Greenwich,47.6886,Free,,,,,,,,,
Plumstead Common W of Waverly Crescent,Common,Greenwich,2.7061,Free,,,,,,,,,
Police Station Green,Amenity green space,Greenwich,0.7863,Free,,,,,,,,,
Middle Park Ave central,Amenity green space,Greenwich,0.4005,Free,,,,,,,,,
Catherine Grove Green Space,Amenity green space,Greenwich,0.0758,Free,,,,,,,,,
Charlotte Turner Gardens,Park,Greenwich,1.1774,Free,,,,,,,,,
Revell Rise,Nature reserve,Greenwich,0.6402,Free,,,,,,,,,
Bevan Rd,Allotments,Greenwich,0.2252,De facto,,,,,,,,,
Boiler House green,Amenity green space,Greenwich,0.7303,Free,,,,,,,,,
The Hall Greenspace,Amenity green space,Greenwich,0.9283,Free,,,,,,,,,
Bromholm Rd Green Space,Amenity green space,Greenwich,1.2519,Free,,,,,,,,,
Middle Park Close field,Recreation ground,Greenwich,4.9557,Free,,,,,,,,,
Thamesmere Lake,Amenity green space,Greenwich,3.7656,Free,,,,,,,,,
Crossway Drain,Amenity green space,Greenwich,0.6758,Free,,,,,,,,,
East Greenwich Pleasaunce,Park,Greenwich,2.4045,Free,,,,,,,,,
Elmbrook Gardens Green,Amenity green space,Greenwich,0.223,Free,,,,,,,,,
Brenley Gardens,Amenity green space,Greenwich,0.224,Free,,,,,,,,,
Ridgeway,Walking/cycling route,Greenwich,10.8954,Free,,,,,,,,,
Bracondale Road,Amenity green space,Greenwich,0.146,Free,,,,,,,,,
Sunbury Street Playground,Play space,Greenwich,0.3306,Free,,,,,,,,,
Vicarage avenue,Amenity green space,Greenwich,0.4307,Free,,,,,,,,,
Bentham Road drain,Canal,Greenwich,0.3759,Free,,,,,,,,,
Falconwood Field,Amenity green space,Greenwich,6.4319,Free,,,,,,,,,
Eastmore Street Park North,Park,Greenwich,1.0196,Free,,,,,,,,,
Villas Rd open space,Park,Greenwich,3.9229,Free,,,,,,,,,
Kingsground,Amenity green space,Greenwich,0.1872,Free,,,,,,,,,
Hastings Street,Park,Greenwich,0.985,Free,,,,,,,,,
Savendroog amenity grass and carpark,Nature reserve,Greenwich,0.6335,Free,,,,,,,,,
Ashlar Place,Amenity green space,Greenwich,0.0812,Free,,,,,,,,,
Bugsby's Way park next to IKEA,Park,Greenwich,0.5046,Free,,,,,,,,,
Wynford Way playing fields,Playing fields,Greenwich,3.0108,Free,,,,,,,,,
Pippenhall Path,Walking/cycling route,Greenwich,0.2434,Free,,,,,,,,,
Point Hill,Nature reserve,Greenwich,0.2222,Free,,,,,,,,,
Ridge Close Park,Park,Greenwich,4.5193,Free,,,,,,,,,
Katherine Gardens,Amenity green space,Greenwich,0.256,Free,,,,,,,,,
Woolwich Docks,Other recreational,Greenwich,0.5658,Free,,,,,,,,,
Cade Road,Nature reserve,Greenwich,1.541,Free,,,,,,,,,
Avery Hill sports ground,Playing fields,Greenwich,5.3031,Free,,,,,,,,,
The Point,Park,Greenwich,1.3195,Free,,,,,,,,,
General Wolfe Road,Nature reserve,Greenwich,2.1446,Free,,,,,,,,,
Shawbrooke Road,Amenity green space,Greenwich,0.1116,Free,,,,,,,,,
Charlton Park,Playing fields,Greenwich,20.788,Free,,,,,,,,,
Clam Field,Recreation ground,Greenwich,12.0452,Free,,,,,,,,,
Queenscroft Recreational Ground,Recreation ground,Greenwich,5.2115,Free,,,,,,,,,
Hornlinks Way Green,Park,Greenwich,0.1999,Free,,,,,,,,,
Manor Way Green (Greenwich),Park,Greenwich,1.807,Free,,,,,,,,,
The Paragon,Amenity green space,Greenwich,0.6505,De facto,,,,,,,,,
Greenwich Peninsular Ecology Park,Park,Greenwich,2.4062,Free,,,,,,,,,
Hervey Road Playing Field,Playing fields,Greenwich,4.7978,Restricted,,,,,,,,,
Warepoint Drive (West Thamesmead),Amenity green space,Greenwich,0.5659,Free,,,,,,,,,
Nightingale Place,Amenity green space,Greenwich,0.3932,Free,,,,,,,,,
Eltham Park north,Park,Greenwich,6.4454,De facto,,,,,,,,,
Small Pond Crescent Green,Amenity green space,Greenwich,0.1585,Free,,,,,,,,,
Pond Close Green,Amenity green space,Greenwich,0.8962,Free,,,,,,,,,
Plumstead Common West of The Slade,Park,Greenwich,7.5536,Free,,,,,,,,,
Sutcliffe Park,Park,Greenwich,19.1269,Free,,,,,,,,,
Eltham Palace Rd,Amenity green space,Greenwich,0.1707,Free,,,,,,,,,
Cutty Sark Gardens,Park,Greenwich,1.5599,Free,,,,,,,,,
King Johns Walk,Walking/cycling route,Greenwich,0.807,Free,,,,,,,,,
Academy Place Resevoirs Amenity Grassland,Amenity green space,Greenwich,0.8267,Free,,,,,,,,,
Gallions Reach Park,Park,Greenwich,2.6795,Free,,,,,,,,,
Tarnwood Park - The Tarn,Park,Greenwich,1.9106,Free,,,,,,,,,
Lovelace Green,Amenity green space,Greenwich,0.5282,Free,,,,,,,,,
Chesterfield Walk,Amenity green space,Greenwich,2.2605,Free,,,,,,,,,
Horn Park Allotments,Allotments,Greenwich,0.8982,Free,,,,,,,,,
Jackwood Formal Gardens,Park,Greenwich,0.8188,Free,,,,,,,,,
Tideslea Path,Amenity green space,Greenwich,0.3882,Free,,,,,,,,,
Mycenae Gardens,Formal garden,Greenwich,1.5872,Free,,,,,,,,,
Lynsted Gardens,Amenity green space,Greenwich,0.1216,Free,,,,,,,,,
Maryon Wilson Park,Park,Greenwich,12.5076,Free,,,,,,,,,
Eltham Cemetery,Cemetery/churchyard,Greenwich,10.4886,Free,,,,,,,,,
Kingsman Street Square,Amenity green space,Greenwich,0.356,Free,,,,,,,,,
Bournbrook Road,Amenity green space,Greenwich,0.3591,Free,,,,,,,,,
Witherston Way and The Underwood,Amenity green space,Greenwich,1.2258,Free,,,,,,,,,
King George's Field Recreation Ground,Recreation ground,Greenwich,1.9856,Free,,,,,,,,,
Woolwich Cemetery West,Cemetery/churchyard,Greenwich,5.0564,Free,,,,,,,,,
Birchmere Drain east,Canal,Greenwich,0.4133,Free,,,,,,,,,
Eltham Park north playing field,Playing fields,Greenwich,2.6908,De facto,,,,,,,,,
St Mary's Gardens (Greenwich),Park,Greenwich,1.8306,Free,,,,,,,,,
Gunner Lane Open Space,Amenity green space,Greenwich,1.7244,Free,,,,,,,,,
Plumstead Common W of Blendon Terrace,Common,Greenwich,2.9354,Free,,,,,,,,,
Central Way Drain,Canal,Greenwich,1.2816,Free,,,,,,,,,
Eltham Park South,Park,Greenwich,16.7912,Free,,,,,,,,,
Jack Wood,Public woodland,Greenwich,16.6958,Free,,,,,,,,,
Thamesmead canal,Canal,Greenwich,3.0924,Free,,,,,,,,,
Eaglesfield Park,Park,Greenwich,2.476,Free,,,,,,,,,
Bentham Rd Drain W,Canal,Greenwich,0.6694,Free,,,,,,,,,
Coldharbour allotments,Allotments,Greenwich,1.2888,Free,,,,,,,,,
The Grove,Amenity green space,Greenwich,1.328,Free,,,,,,,,,
Amenity Grassland Behind New Flats,Amenity green space,Greenwich,0.1364,Free,,,,,,,,,
Well Hall Pleasaunce,Formal garden,Greenwich,4.4146,Free,,,,,,,,,
Horn Park,Park,Greenwich,6.6406,Free,,,,,,,,,
Partridge Green (Greenwich),Amenity green space,Greenwich,0.305,Free,,,,,,,,,
Hickin and Gallion Close Green,Amenity green space,Greenwich,0.1635,Free,,,,,,,,,
Eltham Palace Recreation Ground,Recreation ground,Greenwich,3.4019,Free,,,,,,,,,
Maryon Grove Open Space,Amenity green space,Greenwich,0.3463,Free,,,,,,,,,
Altash Gardens,Park,Greenwich,0.9156,Free,,,,,,,,,
Eltham Common Grassland,Common,Greenwich,2.1617,Free,,,,,,,,,
Bostall Woods,Nature reserve,Greenwich,33.0567,Free,,,,,,,,,
Bostal Heath Triangle,Park,Greenwich,1.1748,Free,,,,,,,,,
High grove,Amenity green space,Greenwich,0.1674,Free,,,,,,,,,
Kentlea Road Green Space,Amenity green space,Greenwich,0.0272,Free,,,,,,,,,
Drain N of Bentham Rd,Canal,Greenwich,0.5731,Free,,,,,,,,,
Greenwich Cemetery,Cemetery/churchyard,Greenwich,9.1938,Free,,,,,,,,,
Oxleas meadow,Park,Greenwich,11.3111,Free,,,,,,,,,
Academy Place Reservoirs,Amenity green space,Greenwich,3.9863,De facto,,,,,,,,,
Homebase scrub,Recreation ground,Greenwich,1.1805,Free,,,,,,,,,
Blackheath Society Conservation Area,Nature reserve,Greenwich,1.7681,De facto,,,,,,,,,
Twinkle Park,Park,Greenwich,0.61,Free,,,,,,,,,
Gravel Pit Lane,Walking/cycling route,Greenwich,0.7442,Free,,,,,,,,,
Rancliffe Gardens,Amenity green space,Greenwich,0.408,Free,,,,,,,,,
Fairy Hill Park,Park,Greenwich,4.6572,Free,,,,,,,,,
Briset Road Park,Park,Greenwich,0.846,Free,,,,,,,,,
Coldharbour Playing Fields,Recreation ground,Greenwich,8.9382,Free,,,,,,,,,
All mead gardens,Adventure playground,Hackney,0.3159,Free,,,,,,,,,
Daubeney Fields,Park,Hackney,3.3571,Free,,,,,,,,,
Hackney Marsh Adventure Playground,Adventure playground,Hackney,1.0011,Restricted,,,,,,,,,
Digby Road Open Space,Play space,Hackney,0.1277,Free,,,,,,,,,
Egerton Rd Open Space,Amenity green space,Hackney,1.0647,De facto,,,,,,,,,
Town Hall Square,Amenity green space,Hackney,0.0582,Free,,,,,,,,,
Shacklewell Green,Formal garden,Hackney,0.1009,Free,,,,,,,,,
Clapton Pond,Park,Hackney,0.3331,Free,,,,,,,,,
Stoke Newington Common,Common,Hackney,2.4454,Free,,,,,,,,,
Cazenove Road North,Amenity green space,Hackney,0.2646,Free,,,,,,,,,
Broadway Market,Civic/market square,Hackney,0.3594,Free,,,,,,,,,
Evergreen Adventure Playground,Adventure playground,Hackney,0.2638,Free,,,,,,,,,
Robin Hood Community Garden,Community garden,Hackney,0.1227,Free,,,,,,,,,
Goldsmith Square Recreation Ground,Recreation ground,Hackney,0.2924,Free,,,,,,,,,
Wick Woodland,Park,Hackney,11.2731,Free,,,,,,,,,
Mabley Green,Recreation ground,Hackney,14.1019,Free,,,,,,,,,
Marsh Hill Open Space,Park,Hackney,0.3277,Free,,,,,,,,,
"Regents Canal, Broadway Market",Canal,Hackney,0.3625,Free,,,,,,,,,
St Thomas Recreation Ground,Recreation ground,Hackney,0.2742,Free,,,,,,,,,
St Thomas Long Burial Ground,Cemetery/churchyard,Hackney,0.3456,Free,,,,,,,,,
St. Thomas' Square Garden,Formal garden,Hackney,0.293,Free,,,,,,,,,
Stonebridge Gardens,Park,Hackney,1.2882,Free,,,,,,,,,
"Regents Canal, Queensbridge Road",Canal,Hackney,0.9107,Free,,,,,,,,,
St Leonard C of E Churchyard,Cemetery/churchyard,Hackney,0.5581,Free,,,,,,,,,
Hackney City Farm,City farm,Hackney,0.485,Free,,,,,,,,,
Fassett Square,Amenity green space,Hackney,0.0572,Free,,,,,,,,,
"Regents Canal, Cambridge Heath Road",Canal,Hackney,0.4004,Free,,,,,,,,,
Kit Crowley Gardens,Other recreational,Hackney,0.1588,Free,,,,,,,,,
Quaker Burial Ground,Cemetery/churchyard,Hackney,0.0641,Free,,,,,,,,,
Homerton Grove,Amenity green space,Hackney,0.4304,Free,,,,,,,,,
Hackney Marsh East Marsh,Park,Hackney,16.7055,Free,,,,,,,,,
Hackney Community Tree Nursery and Edible Forest Garden,Community garden,Hackney,0.9633,Free,,,,,,,,,
Lea Navigation Tow path,Canal,Hackney,0.2297,Free,,,,,,,,,
Windsor Terrace Open Space,Amenity green space,Hackney,0.0648,Free,,,,,,,,,
Aske Gardens,Other recreational,Hackney,0.2978,Free,,,,,,,,,
St John of Jesusalem Churchyard,Cemetery/churchyard,Hackney,0.495,Free,,,,,,,,,
Minson Road,Amenity green space,Hackney,0.0805,De facto,,,,,,,,,
Jarrow and Lindisfarne Way Open Space,Amenity green space,Hackney,0.4298,Free,,,,,,,,,
St John's at Hackney Churchyard,Cemetery/churchyard,Hackney,2.8341,Free,,,,,,,,,
Shore Gardens,Park,Hackney,0.1509,Free,,,,,,,,,
Ufton Gardens,Community garden,Hackney,0.2202,Free,,,,,,,,,
"Regents Canal, Southgate Road",Canal,Hackney,0.4036,Free,,,,,,,,,
"Regents Canal, New North Road",Canal,Hackney,0.7922,Free,,,,,,,,,
London Fields,Common,Hackney,12.9036,Free,,,,,,,,,
Broadway Market Green,Park,Hackney,0.182,Free,,,,,,,,,
Nisbet House,Play space,Hackney,0.8411,Free,,,,,,,,,
Homerton Grove Adventure Playground,Adventure playground,Hackney,0.4478,Restricted,,,,,,,,,
Millfields Park,Recreation ground,Hackney,23.3191,Free,,,,,,,,,
Hackney Marshes,Park,Hackney,75.8361,Free,,,,,,,,,
Middlesex Filter Beds Nature Reserve,Nature reserve,Hackney,4.0605,Free,,,,,,,,,
Clissold Park,Park,Hackney,22.9573,Free,,,,,,,,,
Well Street Common,Common,Hackney,8.6364,Free,,,,,,,,,
Castle Close Open Space,Other recreational,Hackney,0.1357,Free,,,,,,,,,
Woodberry Downs Park,Park,Hackney,1.4408,Free,,,,,,,,,
Springfield Park,Park,Hackney,14.3815,Free,,,,,,,,,
Albion Parade,Amenity green space,Hackney,0.0421,Free,,,,,,,,,
Abney Park Cemetery,Cemetery/churchyard,Hackney,12.5803,Free,,,,,,,,,
Butterfield Green,Amenity green space,Hackney,1.3987,Free,,,,,,,,,
Kynaston Gardens,Formal garden,Hackney,0.0501,Free,,,,,,,,,
Clapton Square,Formal garden,Hackney,0.6398,Free,,,,,,,,,
Haggerston Park,Park,Hackney,8.3411,Free,,,,,,,,,
Stonebridge Common,Formal garden,Hackney,0.0927,Free,,,,,,,,,
St Mary's Secret Garden,Community garden,Hackney,0.2949,Free,,,,,,,,,
"Regents Canal, West of Queensbridge Road",Canal,Hackney,0.2309,Free,,,,,,,,,
Mark Street Garden,Amenity green space,Hackney,0.2053,Free,,,,,,,,,
Hoxton Community Garden,Community garden,Hackney,0.4157,Free,,,,,,,,,
St John's Hoxton Churchyard,Cemetery/churchyard,Hackney,0.4016,Free,,,,,,,,,
"Regents Canal, Kingsland Basin",Canal,Hackney,1.2248,Free,,,,,,,,,
Hoxton Square,Formal garden,Hackney,0.2385,Free,,,,,,,,,
Shoreditch Adventure Playground,Adventure playground,Hackney,0.5573,Restricted,,,,,,,,,
Albion Square,Formal garden,Hackney,0.1611,Free,,,,,,,,,
"Regents Canal, Whitmore Road",Canal,Hackney,0.5921,Free,,,,,,,,,
"Regents Canal, Packington Square",Canal,Hackney,0.8153,Free,,,,,,,,,
Shepherdess Walk,Recreation ground,Hackney,0.875,Free,,,,,,,,,
Clapton Common,Common,Hackney,2.8353,Free,,,,,,,,,
Spring Hill Recreation Ground,Playing fields,Hackney,4.2391,Free,,,,,,,,,
West Hackney Recreation Ground,Recreation ground,Hackney,0.9146,Free,,,,,,,,,
Levy Memorial Garden,Formal garden,Hackney,0.019,Free,,,,,,,,,
Allens Gardens,Formal garden,Hackney,0.901,Free,,,,,,,,,
Woodberry Wetlands,Nature reserve,Hackney,10.7709,Free,,,,,,,,,
Rowley Gardens,Park,Hackney,0.666,Free,,,,,,,,,
Myddleton Avenue,Formal garden,Hackney,0.2902,Free,,,,,,,,,
De Beauvoir Square,Formal garden,Hackney,0.6733,Free,,,,,,,,,
Hackney Downs,Park,Hackney,16.7793,Free,,,,,,,,,
Ridley Road Street Market,Civic/market square,Hackney,0.7352,Free,,,,,,,,,
Shakespeare Walk adventure Playground,Adventure playground,Hackney,0.2047,Free,,,,,,,,,
Church Street Garden,Amenity green space,Hackney,0.0352,Free,,,,,,,,,
Charles Square,Formal garden,Hackney,0.1172,Free,,,,,,,,,
Shoreditch Park,Park,Hackney,7.1617,Free,,,,,,,,,
Hackney Road Recreation Ground,Recreation ground,Hackney,0.1846,Free,,,,,,,,,
"Regents Canal, Haggerston Road",Canal,Hackney,0.5602,Free,,,,,,,,,
East and West Bank Nature Reserve,Nature reserve,Hackney,0.3338,Free,,,,,,,,,
St Mary's Old Church,Cemetery/churchyard,Hackney,0.2821,Free,,,,,,,,,
Eel Brook Common,Park,Hammersmith and Fulham,5.5925,Free,,,,,,,,,
Starch Green,Common,Hammersmith and Fulham,0.0837,Free,,,,,,,,,
Strode Road Open Space,Recreation ground,Hammersmith and Fulham,1.3248,Free,,,,,,,,,
Moat Gardens (Bishops Park and Fulham Palace Grounds),Park,Hammersmith and Fulham,1.6661,Free,,,,,,,,,
Parsons Green,Common,Hammersmith and Fulham,1.0417,Free,,,,,,,,,
South Parklands Imperial Wharf,Formal garden,Hammersmith and Fulham,2.4233,Free,,,,,,,,,
Normand Park,Park,Hammersmith and Fulham,2.56,Free,,,,,,,,,
Brook Green,Park,Hammersmith and Fulham,2.1674,Free,,,,,,,,,
Wormwood Scrubs,Park,Hammersmith and Fulham,74.5746,Free,,,,,,,,,
Frank Banfield Park,Park,Hammersmith and Fulham,1.4243,Free,,,,,,,,,
St Peter's Square,Formal garden,Hammersmith and Fulham,0.7034,Free,,,,,,,,,
Hurlingham Park,Park,Hammersmith and Fulham,22.4448,Free,,,,,,,,,
Peabody Estate Garden,Formal garden,Hammersmith and Fulham,0.0747,Free,,,,,,,,,
Fulham Palace Road Cemetery,Cemetery/churchyard,Hammersmith and Fulham,5.1399,Free,,,,,,,,,
Greyhound Park,Park,Hammersmith and Fulham,1.7713,Free,,,,,,,,,
Godolphin Road Community Garden,Community garden,Hammersmith and Fulham,0.0848,Free,,,,,,,,,
Ravenscourt Park,Park,Hammersmith and Fulham,12.8883,Free,,,,,,,,,
Godolphin Road Playground,Play space,Hammersmith and Fulham,0.0335,Free,,,,,,,,,
Bishops Park,Park,Hammersmith and Fulham,10.0913,Free,,,,,,,,,
Stevenage Park,Park,Hammersmith and Fulham,0.2576,Free,,,,,,,,,
St Pauls Churchyard,Cemetery/churchyard,Hammersmith and Fulham,0.2114,Free,,,,,,,,,
Wormholt Park,Park,Hammersmith and Fulham,3.1106,Free,,,,,,,,,
Shepherds Bush Common,Common,Hammersmith and Fulham,3.3701,Free,,,,,,,,,
All Saints Churchyard (Hammersmith and Fulham),Cemetery/churchyard,Hammersmith and Fulham,1.0492,Free,,,,,,,,,
Hammersmith Park,Park,Hammersmith and Fulham,3.039,Free,,,,,,,,,
Marcus Garvey park,Park,Hammersmith and Fulham,0.5763,Free,,,,,,,,,
Brompton Park,Park,Hammersmith and Fulham,0.7563,Free,,,,,,,,,
Fulham Palace Grounds,Formal garden,Hammersmith and Fulham,5.1791,Free,,,,,,,,,
Norland North Open Space,Park,Hammersmith and Fulham,0.9931,Free,,,,,,,,,
Gwendwr Gardens,Formal garden,Hammersmith and Fulham,0.2806,Free,,,,,,,,,
Wendell Park,Park,Hammersmith and Fulham,1.7361,Free,,,,,,,,,
Bayonne Park,Park,Hammersmith and Fulham,1.1493,Free,,,,,,,,,
Westway Open Space,Amenity green space,Hammersmith and Fulham,0.3001,Free,,,,,,,,,
Little Wormwood Scrubs Recreation Ground,Recreation ground,Hammersmith and Fulham,8.8287,Free,,,,,,,,,
St. Paul's Green (Hammersmith and Fulham),Amenity green space,Hammersmith and Fulham,0.7676,Free,,,,,,,,,
William Parnell Park,Park,Hammersmith and Fulham,1.0307,Free,,,,,,,,,
Gwendwr Road Open Space,Amenity green space,Hammersmith and Fulham,0.1493,Free,,,,,,,,,
Margravine Cemetery,Cemetery/churchyard,Hammersmith and Fulham,6.5063,Free,,,,,,,,,
"St. Paul's Open Space, Hammersmith Road",Park,Hammersmith and Fulham,0.5426,Free,,,,,,,,,
Lillie Road Recreation Ground,Recreation ground,Hammersmith and Fulham,2.1208,Free,,,,,,,,,
Wormwood Scrubs,Park,Hammersmith and Fulham,0.3601,Free,,,,,,,,,
South Park (Hammersmith and Fulham),Park,Hammersmith and Fulham,8.0326,Free,,,,,,,,,
Loris Road Community Garden,Community garden,Hammersmith and Fulham,0.0962,Free,,,,,,,,,
Cathnor Park,Park,Hammersmith and Fulham,0.9264,Free,,,,,,,,,
Furnival Gardens,Formal garden,Hammersmith and Fulham,1.8279,Free,,,,,,,,,
Royal Northern Gardens,Park,Islington,0.3976,De facto,,,,,,,,,
Chambers Road Open Space,Play space,Islington,0.0694,Free,,,,,,,,,
Whitehall Community Garden,Community garden,Islington,0.0099,Free,,,,,,,,,
Canonbury Station Forecourt,Amenity green space,Islington,0.0608,De facto,,,,,,,,,
King Henry's Walk Garden,Community garden,Islington,0.1528,Restricted,,,,,,,,,
Compton Park,Play space,Islington,0.1085,Free,,,,,,,,,
Northampton Square,Formal garden,Islington,0.2747,Free,,,,,,,,,
Culpeper Street Open Space,Park,Islington,0.2315,Free,,,,,,,,,
Duncan Terrace Gardens,Formal garden,Islington,0.5728,Free,,,,,,,,,
Andersons Square Gardens,Formal garden,Islington,0.0434,Free,,,,,,,,,
"Grand Union Canal, York Way to Caledonian Rd",Canal,Islington,1.3483,Free,,,,,,,,,
Radnor Street Open Space,Park,Islington,0.3833,Free,,,,,,,,,
Gillespie Park Local Nature Reserve,Nature reserve,Islington,5.5092,Free,,,,,,,,,
St Mary's Churchyard (Islington),Cemetery/churchyard,Islington,0.0569,De facto,,,,,,,,,
Isledon Road Gardens,Park,Islington,0.3869,Free,,,,,,,,,
Landseer Gardens,Play space,Islington,0.1941,Free,,,,,,,,,
St George's Open Space,Amenity green space,Islington,0.117,Free,,,,,,,,,
Scholefield Road Open Space,Park,Islington,0.2157,Free,,,,,,,,,
Davenant Rd Open Space,Park,Islington,0.2563,Free,,,,,,,,,
Pemberton Triangle,Amenity green space,Islington,0.0213,De facto,,,,,,,,,
Giesbach Road Open Space,Amenity green space,Islington,0.0591,De facto,,,,,,,,,
St John's Church,Cemetery/churchyard,Islington,0.1481,Free,,,,,,,,,
Pilgrams Way Garden,Amenity green space,Islington,0.0202,De facto,,,,,,,,,
St Paul's Park,Amenity green space,Islington,0.5609,Free,,,,,,,,,
Nightingale Park,Park,Islington,0.4064,Free,,,,,,,,,
Arlington Square Gardens,Formal garden,Islington,0.3536,Free,,,,,,,,,
Graham Street Park,Play space,Islington,0.3299,Free,,,,,,,,,
Vincent Terrace,Walking/cycling route,Islington,0.2574,Free,,,,,,,,,
Three Corners Adventure Playground,Adventure playground,Islington,0.3867,Restricted,,,,,,,,,
St Mary Magdalene Garden,Formal garden,Islington,1.7366,Free,,,,,,,,,
Union Square,Formal garden,Islington,0.1764,Free,,,,,,,,,
Granville Square,Formal garden,Islington,0.2048,Free,,,,,,,,,
St Andrew's Church Garden,Formal garden,Islington,0.2496,Free,,,,,,,,,
Pleasant Place Garden,Amenity green space,Islington,0.0418,De facto,,,,,,,,,
King Square Park,Park,Islington,1.2574,Free,,,,,,,,,
Milner Square,Play space,Islington,0.1987,Free,,,,,,,,,
"Grand Union Canal, Tunnel to Dunbury St",Canal,Islington,0.3368,Free,,,,,,,,,
Barnard Park,Park,Islington,4.1297,Free,,,,,,,,,
Compton Terrace Public Open Space,Formal garden,Islington,0.3544,Free,,,,,,,,,
Gibson Square Gardens,Park,Islington,0.2894,Free,,,,,,,,,
Carfree Open Space,Amenity green space,Islington,0.1021,De facto,,,,,,,,,
Wilmington Square Garden,Formal garden,Islington,0.3897,Free,,,,,,,,,
Exmouth Market,Civic/market square,Islington,0.0664,De facto,,,,,,,,,
Piper Close Open Space,Formal garden,Islington,0.1912,De facto,,,,,,,,,
Caledonian Road / Stanmore Street,Amenity green space,Islington,0.026,De facto,,,,,,,,,
St Luke's Church & Garden,Formal garden,Islington,0.7555,Free,,,,,,,,,
Galway House / Grayson House Amenity Area,Park,Islington,0.1557,Free,,,,,,,,,
Basire Street Gardens,Play space,Islington,0.197,Free,,,,,,,,,
Owens Fields,Park,Islington,0.1826,Free,,,,,,,,,
"St John's Church Garden, Islington",Formal garden,Islington,0.0171,Free,,,,,,,,,
St Paul's Shrubbery,Park,Islington,0.4302,Free,,,,,,,,,
Astey's Row Playground,Park,Islington,0.2463,Free,,,,,,,,,
St Silas Church Gardens,Cemetery/churchyard,Islington,0.0191,Free,,,,,,,,,
Thornhill Square Garden,Formal garden,Islington,0.9626,Free,,,,,,,,,
Wilton Square,Formal garden,Islington,0.1404,Free,,,,,,,,,
Lonsdale Square Garden,Formal garden,Islington,0.191,Free,,,,,,,,,
Fortune Street Garden,Park,Islington,0.3772,Free,,,,,,,,,
Astey's Row Rock Garden,Walking/cycling route,Islington,0.1861,Free,,,,,,,,,
Tibby Place,Play space,Islington,0.1411,Free,,,,,,,,,
King Henry's Walk Adventure Playground,Adventure playground,Islington,0.1299,Restricted,,,,,,,,,
Morton Road Playground,Play space,Islington,0.3834,Free,,,,,,,,,
Bunhill Fields Burial Ground,Cemetery/churchyard,Islington,1.6333,Free,,,,,,,,,
Packington Square Gardens,Amenity green space,Islington,0.0599,Part free,,,,,,,,,
Highbury Fields,Playing fields,Islington,11.9693,Free,,,,,,,,,
St Mary's Church Gardens (Islington),Cemetery/churchyard,Islington,0.5656,Free,,,,,,,,,
Islington Green Gardens,Formal garden,Islington,0.3339,Free,,,,,,,,,
Spa Fields and Extension,Park,Islington,1.1868,Free,,,,,,,,,
St James Church Gardens,Cemetery/churchyard,Islington,0.5102,Free,,,,,,,,,
Frederica Street,Amenity green space,Islington,0.0474,De facto,,,,,,,,,
Paradise Park,Park,Islington,2.4275,Free,,,,,,,,,
Battishill Street Garden,Park,Islington,0.1105,Free,,,,,,,,,
Arundel Square Gardens,Park,Islington,0.7648,Free,,,,,,,,,
Barnsbury Square,Park,Islington,0.4051,Free,,,,,,,,,
Highbury Corner Open Space,Other hard surfaced areas,Islington,0.1643,Free,,,,,,,,,
Newington Green Gardens,Formal garden,Islington,0.662,Free,,,,,,,,,
Woodfall Park,Formal garden,Islington,0.152,Free,,,,,,,,,
Kinloch Street Open Space,Formal garden,Islington,0.3373,Free,,,,,,,,,
Grenville Road Open Space,Park,Islington,0.184,Free,,,,,,,,,
Elthorne Park Peace Garden,Formal garden,Islington,0.2577,Free,,,,,,,,,
Wray Crescent Open Space,Park,Islington,2.1306,Free,,,,,,,,,
Dalmeny Park,Park,Islington,0.1394,Free,,,,,,,,,
Foxham Gardens,Park,Islington,0.7284,Free,,,,,,,,,
Tufnell Park,Playing fields,Islington,1.9277,Free,,,,,,,,,
Archway Park,Park,Islington,0.8031,Free,,,,,,,,,
Zoffany Park,Play space,Islington,0.1399,Free,,,,,,,,,
Regent's Canal Garden,Amenity green space,Islington,0.0087,De facto,,,,,,,,,
Freightliners City Farm,City farm,Islington,0.4833,Restricted,,,,,,,,,
Camden Road Open Space,Amenity green space,Islington,0.0986,Free,,,,,,,,,
Sunnyside Gardens,Community garden,Islington,0.3442,Free,,,,,,,,,
Pemberton Gardens,Amenity green space,Islington,0.1128,Free,,,,,,,,,
Archway Corner,Amenity green space,Islington,0.0412,De facto,,,,,,,,,
St Jude St Open Space,Amenity green space,Islington,0.1482,Free,,,,,,,,,
New River Walk,Walking/cycling route,Islington,1.4725,Free,,,,,,,,,
Whittington Park,Park,Islington,3.8871,Free,,,,,,,,,
Caledonian Park,Park,Islington,7.0151,Free,,,,,,,,,
Dartmouth Park and Reservoir,Park,Islington,3.1496,Free,,,,,,,,,
Bishop's Close Green,Park,Islington,0.3797,Free,,,,,,,,,
Tiber Gardens,Civic/market square,Islington,0.1463,Free,,,,,,,,,
Canonbury Garden,Formal garden,Islington,0.2333,Free,,,,,,,,,
Barnsbury Wood,Nature reserve,Islington,0.3502,Restricted,,,,,,,,,
Culpeper Community Garden,Community garden,Islington,0.1961,Free,,,,,,,,,
Lever Street Community Garden,Community garden,Islington,0.0287,Restricted,,,,,,,,,
Joseph Grimaldi Park,Play space,Islington,0.7238,Free,,,,,,,,,
Caledonian Road Enclosure,Other hard surfaced areas,Islington,0.0247,De facto,,,,,,,,,
Myddelton Square Garden,Formal garden,Islington,0.5331,Free,,,,,,,,,
Rosemary Gardens (Islington),Park,Islington,2.481,Free,,,,,,,,,
Finsbury Square Garden,Park,Islington,0.701,Free,,,,,,,,,
Thornhill Rd Playground,Play space,Islington,0.1309,Free,,,,,,,,,
Edward Square,Park,Islington,0.425,Free,,,,,,,,,
Packington Estate Open Space,Amenity green space,Islington,0.1649,Free,,,,,,,,,
Highbury New Park Island,Amenity green space,Islington,0.0463,De facto,,,,,,,,,
Canonbury Square,Formal garden,Islington,0.2593,Free,,,,,,,,,
St John's Gardens (Islington),Park,Islington,0.161,Free,,,,,,,,,
Thornhill Bridge Community Garden,Community garden,Islington,0.1648,Free,,,,,,,,,
Thornhill Gardens,Formal garden,Islington,0.3169,Free,,,,,,,,,
Celestial Church of Christ Churchyard,Cemetery/churchyard,Islington,0.0817,De facto,,,,,,,,,
Spa Green,Park,Islington,0.5398,Free,,,,,,,,,
Holford Gardens,Formal garden,Islington,0.2982,Free,,,,,,,,,
Regent's Canal walk,Walking/cycling route,Islington,0.1507,De facto,,,,,,,,,
Eversleigh Street Open Space,Amenity green space,Islington,0.1053,Free,,,,,,,,,
Mountfort Terrace,Formal garden,Islington,0.0488,De facto,,,,,,,,,
Bingfield Park,Park,Islington,1.0865,Free,,,,,,,,,
Laycock St Open Space,Amenity green space,Islington,1.0042,Free,,,,,,,,,
Penn Rd Garden,Park,Islington,0.15,Free,,,,,,,,,
St Luke's Church (Islington),Cemetery/churchyard,Islington,0.0939,De facto,,,,,,,,,
Biddestone Road Open Space,Park,Islington,0.2258,Free,,,,,,,,,
Hillside Park,Park,Islington,0.7676,Free,,,,,,,,,
Elthorne Park (Islington),Park,Islington,2.3894,Free,,,,,,,,,
Emslie Horniman's Pleasance,Park,Kensington and Chelsea,1.2373,Free,,,,,,,,,
Dovehouse Green,Park,Kensington and Chelsea,0.2795,Free,,,,,,,,,
Playground Rear Of 47/55 Princedale Road,Play space,Kensington and Chelsea,0.0229,Free,,,,,,,,,
"Amenity Area,  Adjacent To 102 Pavillion Road",Amenity green space,Kensington and Chelsea,0.063,Free,,,,,,,,,
Public Playground Rear Of Wells House,Play space,Kensington and Chelsea,0.0147,Free,,,,,,,,,
Cremorne Gardens,Formal garden,Kensington and Chelsea,0.4786,Free,,,,,,,,,
Chelsea Bridge Gardens,Formal garden,Kensington and Chelsea,0.1592,Free,,,,,,,,,
St John's Notting Hill Churchyard,Cemetery/churchyard,Kensington and Chelsea,0.1815,Free,,,,,,,,,
"Playground, Adjacent To St Mary Abbots Garden",Play space,Kensington and Chelsea,0.0909,Free,,,,,,,,,
"Open Space, In Front Of 56/94 Chelsea Park Gardens",Formal garden,Kensington and Chelsea,0.0856,Free,,,,,,,,,
Holland Garden Square,Formal garden,Kensington and Chelsea,0.2929,Free,,,,,,,,,
"Garden Square, Egerton Terrace",Formal garden,Kensington and Chelsea,0.0279,Free,,,,,,,,,
"Gardens, Adjacent To 81 Cadogan Gardens",Formal garden,Kensington and Chelsea,0.0326,Free,,,,,,,,,
"Amenity Area (west), Albert Bridge",Amenity green space,Kensington and Chelsea,0.0505,Free,,,,,,,,,
Convent Gardens Playground,Formal garden,Kensington and Chelsea,0.0362,Free,,,,,,,,,
Cromwell Gardens Triangle,Formal garden,Kensington and Chelsea,0.0476,Free,,,,,,,,,
Athlone Gardens,Park,Kensington and Chelsea,0.4658,Free,,,,,,,,,
Holland Park,Park,Kensington and Chelsea,21.1442,Free,,,,,,,,,
Bevington Road Gardens,Formal garden,Kensington and Chelsea,0.0235,Free,,,,,,,,,
"Gardens, Rear Of 6/50 Lower Sloane Street",Formal garden,Kensington and Chelsea,0.1423,Free,,,,,,,,,
Stone Hall Gardens,Formal garden,Kensington and Chelsea,0.1686,Free,,,,,,,,,
Amenity Area In Front Of 44/98 Barlby Road,Amenity green space,Kensington and Chelsea,0.0548,Free,,,,,,,,,
"Gardens, In Front Of 1/11 Cheyne Gardens",Formal garden,Kensington and Chelsea,0.0258,Free,,,,,,,,,
Chelsea Embankment Gardens West,Park,Kensington and Chelsea,0.3529,Free,,,,,,,,,
3 St. Mark's Close,Formal garden,Kensington and Chelsea,0.0501,Free,,,,,,,,,
Westway Wildlife Garden,Nature reserve,Kensington and Chelsea,0.1754,Free,,,,,,,,,
"Gardens, Rear Of Burton Court",Formal garden,Kensington and Chelsea,0.1259,Free,,,,,,,,,
"Playground, adjacent to St. Mary Abbots Church",Cemetery/churchyard,Kensington and Chelsea,0.0432,Restricted,,,,,,,,,
Orchard Close Playground,Play space,Kensington and Chelsea,0.0303,Free,,,,,,,,,
Matthew Close Playground,Play space,Kensington and Chelsea,0.0411,Free,,,,,,,,,
Markland House Green,Park,Kensington and Chelsea,0.2855,Free,,,,,,,,,
Tavistock Square Gardens (Kensington and Chelsea),Formal garden,Kensington and Chelsea,0.3349,Free,,,,,,,,,
Colville Square Gardens,Formal garden,Kensington and Chelsea,0.1782,Free,,,,,,,,,
Katherine House Public Playground,Play space,Kensington and Chelsea,0.0098,Free,,,,,,,,,
Holland Walk,Walking/cycling route,Kensington and Chelsea,0.9003,Free,,,,,,,,,
"Gardens, Rear Of 62/110 Elm Park Gardens",Formal garden,Kensington and Chelsea,0.3896,Free,,,,,,,,,
Avondale Park Gardens,Amenity green space,Kensington and Chelsea,0.0865,Free,,,,,,,,,
Katherine Square Gardens,Formal garden,Kensington and Chelsea,0.0662,Free,,,,,,,,,
Wayneflete Square Gardens,Park,Kensington and Chelsea,0.4707,Free,,,,,,,,,
Treverton Street Playground,Play space,Kensington and Chelsea,0.0889,Free,,,,,,,,,
"Amenity Area, Matthew Close",Amenity green space,Kensington and Chelsea,0.0455,Free,,,,,,,,,
"Holy Trinity, Brompton",Cemetery/churchyard,Kensington and Chelsea,0.8018,Free,,,,,,,,,
Brompton Cemetery,Cemetery/churchyard,Kensington and Chelsea,15.3622,Free,,,,,,,,,
"Garden, Rear Of 1/9 Cresswell Gardens",Formal garden,Kensington and Chelsea,0.2021,Free,,,,,,,,,
"Gardens, Rear Of 2/4 Rosary Gardens",Formal garden,Kensington and Chelsea,0.0741,Free,,,,,,,,,
"Gardens (part), In Front Of 5/12 Alexander Square",Formal garden,Kensington and Chelsea,0.0553,Free,,,,,,,,,
Royal Avenue,Park,Kensington and Chelsea,0.2973,Free,,,,,,,,,
"Public Square, Sloane Square",Play space,Kensington and Chelsea,0.2115,Free,,,,,,,,,
Gardens Rear Of 1/9 Bartle Road,Formal garden,Kensington and Chelsea,0.0358,Free,,,,,,,,,
Kensington Memorial Park,Park,Kensington and Chelsea,2.6871,Free,,,,,,,,,
Barlby Gardens,Formal garden,Kensington and Chelsea,0.0716,Free,,,,,,,,,
"Gardens, Ovington Square",Formal garden,Kensington and Chelsea,0.1345,Free,,,,,,,,,
St Mary Abbots Garden,Formal garden,Kensington and Chelsea,0.1549,Free,,,,,,,,,
Avondale Park,Recreation ground,Kensington and Chelsea,1.8023,Free,,,,,,,,,
Open Space Adjacent To 28 Somerset Square,Formal garden,Kensington and Chelsea,0.0315,Free,,,,,,,,,
"Amenity Area (east), Albert Bridge",Amenity green space,Kensington and Chelsea,0.0448,Free,,,,,,,,,
Wycombe Square,Formal garden,Kensington and Chelsea,0.0943,Free,,,,,,,,,
Alec Clifton-Taylor Memorial Garden,Formal garden,Kensington and Chelsea,0.0307,Free,,,,,,,,,
"Garden, Edwardes Place",Formal garden,Kensington and Chelsea,0.0178,Free,,,,,,,,,
Communal Gardens Rear Of 3a/3b Cowper Terrace,Formal garden,Kensington and Chelsea,0.042,Free,,,,,,,,,
Westfield Park,Park,Kensington and Chelsea,1.1211,Free,,,,,,,,,
"Amenity Area, Rear Of 11/23 Onslow Square",Amenity green space,Kensington and Chelsea,0.0721,Free,,,,,,,,,
Dulford Street Estate,Play space,Kensington and Chelsea,0.1355,Free,,,,,,,,,
Portobello Green,Amenity green space,Kensington and Chelsea,0.2488,Free,,,,,,,,,
Meanwhile Gardens,Nature reserve,Kensington and Chelsea,1.7008,Free,,,,,,,,,
"Gardens, Rear Of 31/44 Evelyn Gardens",Formal garden,Kensington and Chelsea,0.1547,Free,,,,,,,,,
Wiltshire Close Community Kitchen Garden,Community garden,Kensington and Chelsea,0.0009,Free,,,,,,,,,
Pembroke Square Gardens,Formal garden,Kensington and Chelsea,0.1895,Free,,,,,,,,,
Roper's Garden (danver Street Open Space),Formal garden,Kensington and Chelsea,0.1287,Free,,,,,,,,,
"Garden, In Front Of 63a/68a Chelsea Square",Formal garden,Kensington and Chelsea,0.049,Free,,,,,,,,,
"Gardens, Wellington Square",Formal garden,Kensington and Chelsea,0.0472,Free,,,,,,,,,
St Thomas More Statue,Formal garden,Kensington and Chelsea,0.0233,Free,,,,,,,,,
Ifield Road Playground,Play space,Kensington and Chelsea,0.0823,Free,,,,,,,,,
Hope Gardens,Formal garden,Kensington and Chelsea,0.0541,Free,,,,,,,,,
Wiltshire Close,Play space,Kensington and Chelsea,0.653,Free,,,,,,,,,
"Gardens, Rear Of 2/41 Elm Park Gardens",Formal garden,Kensington and Chelsea,0.1856,Free,,,,,,,,,
"Gardens (part), In Front Of 13/20 Alexander Square",Formal garden,Kensington and Chelsea,0.0674,Free,,,,,,,,,
Redcliffe Square Gardens,Formal garden,Kensington and Chelsea,0.3699,Free,,,,,,,,,
Woodsford Square Gardens (north),Formal garden,Kensington and Chelsea,0.2217,Free,,,,,,,,,
"Gardens, Rear Of 4/36 Sloane Gardens",Formal garden,Kensington and Chelsea,0.2801,Free,,,,,,,,,
Abbots Gardens,Formal garden,Kensington and Chelsea,0.0892,Free,,,,,,,,,
Basing Street Playground,Play space,Kensington and Chelsea,0.1032,Free,,,,,,,,,
Maxilla Walk Gardens,Park,Kensington and Chelsea,0.4994,Free,,,,,,,,,
Malvern Close Garden,Formal garden,Kensington and Chelsea,0.2319,Free,,,,,,,,,
"Gardens, Rear Of Langham Mansions",Formal garden,Kensington and Chelsea,0.0232,Free,,,,,,,,,
"Amenity Area, Rear Of 34/38 Ashburn Place",Amenity green space,Kensington and Chelsea,0.0752,Free,,,,,,,,,
Amenity Area Adjacent To Hazlewood Tower,Amenity green space,Kensington and Chelsea,0.0323,Free,,,,,,,,,
Battersea Bridge Gardens,Formal garden,Kensington and Chelsea,0.0685,Free,,,,,,,,,
Powis Square Gardens,Formal garden,Kensington and Chelsea,0.2212,Free,,,,,,,,,
"Gardens, Rear Of 7/31 Sloane Court West",Formal garden,Kensington and Chelsea,0.1255,Free,,,,,,,,,
Gardens Between 7 And 8 Addison Road,Formal garden,Kensington and Chelsea,0.074,Free,,,,,,,,,
Wesley Square Gardens,Formal garden,Kensington and Chelsea,0.1516,Free,,,,,,,,,
St Luke's Gardens,Park,Kensington and Chelsea,1.5258,Free,,,,,,,,,
Albert Bridge Gardens,Formal garden,Kensington and Chelsea,0.3036,Free,,,,,,,,,
Sunbeam Gardens,Park,Kensington and Chelsea,0.4133,Free,,,,,,,,,
"Amenity Area, Rear Of 12/18 Southwell Gardens",Amenity green space,Kensington and Chelsea,0.1921,Free,,,,,,,,,
"Playground, Adjacent To 11 Blantyre Street",Other recreational,Kensington and Chelsea,0.0648,Free,,,,,,,,,
Kensington Palace Gardens,Park,Kensington and Chelsea,3.1657,Free,,,,,,,,,
"Public Playground, Rear Of Pauls House",Play space,Kensington and Chelsea,0.0644,Free,,,,,,,,,
"Amenity Area, Addison Road",Amenity green space,Kensington and Chelsea,0.0334,Free,,,,,,,,,
Sutton Estate  Playground,Play space,Kensington and Chelsea,0.0741,Free,,,,,,,,,
"St. Luke's Church Gardens, West Norwood",Formal garden,Lambeth,0.3126,Free,,,,,,,,,
Cleaver Square,Civic/market square,Lambeth,0.1728,De facto,,,,,,,,,
Hatfields Green,Park,Lambeth,0.4072,Free,,,,,,,,,
Marnfield Crescent Green,Amenity green space,Lambeth,0.354,Free,,,,,,,,,
Lambeth Walk Doorstep Green,Park,Lambeth,1.8825,Free,,,,,,,,,
Vauxhall Park,Park,Lambeth,3.1722,Free,,,,,,,,,
Unigate Wood Local Nature Reserve,Nature reserve,Lambeth,1.2315,Free,,,,,,,,,
Grafton Square,Park,Lambeth,0.3107,Free,,,,,,,,,
Trinity Gardens (Lambeth),Formal garden,Lambeth,0.0649,Free,,,,,,,,,
Marcus Lipton Youth Centre,Landscaping around premises,Lambeth,0.1835,Restricted,,,,,,,,,
Open Space on Rhodesia Road,Amenity green space,Lambeth,0.3105,Free,,,,,,,,,
Slade Gardens,Park,Lambeth,2.0456,Free,,,,,,,,,
Milkwood Community Park,Park,Lambeth,0.7474,Free,,,,,,,,,
Albert Embankment Gardens,Road island/verge,Lambeth,0.4983,De facto,,,,,,,,,
Tivoli Park,Park,Lambeth,1.6477,Free,,,,,,,,,
Brixton Orchard,Formal garden,Lambeth,0.0998,Free,,,,,,,,,
Georgetown Close Green,Amenity green space,Lambeth,0.2301,Free,,,,,,,,,
Tulse Hill Nature Garden,Community garden,Lambeth,0.1018,Free,,,,,,,,,
The Rookery (Streatham Common),Formal garden,Lambeth,2.6538,Free,,,,,,,,,
Pedlars Acre Trust Gardens,Community garden,Lambeth,0.4464,Free,,,,,,,,,
Chandlers Way Green,Amenity green space,Lambeth,0.4263,Free,,,,,,,,,
Max Roach Park,Park,Lambeth,2.84,Free,,,,,,,,,
Dexter Adventure Ground,Adventure playground,Lambeth,0.2733,Restricted,,,,,,,,,
Loughborough Park,Park,Lambeth,1.6327,Free,,,,,,,,,
Emma Cons Gardens,Other hard surfaced areas,Lambeth,0.095,De facto,,,,,,,,,
St Matthew's Church Gardens,Formal garden,Lambeth,0.6275,Free,,,,,,,,,
Old Paradise Gardens,Formal garden,Lambeth,0.7619,Free,,,,,,,,,
Larkhall Park,Park,Lambeth,5.6336,Free,,,,,,,,,
Streatham Memorial Gardens,Formal garden,Lambeth,0.2021,Free,,,,,,,,,
Open space at West Norwood,Amenity green space,Lambeth,1.0995,Free,,,,,,,,,
Archbishop's Park,Park,Lambeth,3.7668,Free,,,,,,,,,
Norwood Park,Park,Lambeth,13.9051,Free,,,,,,,,,
Streatham Green,Formal garden,Lambeth,0.1756,De facto,,,,,,,,,
Eden Road Open Space,Park,Lambeth,0.3927,Free,,,,,,,,,
West Norwood Cemetery,Cemetery/churchyard,Lambeth,15.9606,Free,,,,,,,,,
St Thomas's Hospital Gardens,Formal garden,Lambeth,0.5726,Free,,,,,,,,,
Ruskin Park,Park,Lambeth,14.7053,Free,,,,,,,,,
Streatham Common,Common,Lambeth,25.2292,Free,,,,,,,,,
Valley Road Playing Field,Playing fields,Lambeth,0.7149,De facto,,,,,,,,,
Open Space on Swinford Gardens,Amenity green space,Lambeth,0.2396,Free,,,,,,,,,
Stockwell Park Skateboard Park,Youth area,Lambeth,0.3217,Free,,,,,,,,,
Lansdowne Gardens,Formal garden,Lambeth,0.0871,Free,,,,,,,,,
Roots and Shoots Nature Garden,Community garden,Lambeth,0.3045,Free,,,,,,,,,
South Bank Thames Walk between Waterloo Bridge and Hungerford Bridge,Walking/cycling route,Lambeth,1.8668,Free,,,,,,,,,
Marcella Road Open Space,Play space,Lambeth,0.2841,Free,,,,,,,,,
Claylands Green,Amenity green space,Lambeth,0.1212,De facto,,,,,,,,,
Peabody Hill,Nature reserve,Lambeth,2.1091,Free,,,,,,,,,
Raleigh Gardens - North,Park,Lambeth,0.3673,Free,,,,,,,,,
Grove Adventure Playground,Adventure playground,Lambeth,0.136,Restricted,,,,,,,,,
Valley Park Outdoor Gym,Other recreational,Lambeth,0.0117,De facto,,,,,,,,,
Pedlar's Park,Park,Lambeth,0.5949,Free,,,,,,,,,
Windrush Square,Civic/market square,Lambeth,0.4294,De facto,,,,,,,,,
Jubilee Gardens (Lambeth),Park,Lambeth,1.7314,Free,,,,,,,,,
Myatt's Fields Park,Park,Lambeth,5.1002,Free,,,,,,,,,
Eden at St Paul's Community Garden,Community garden,Lambeth,0.1457,Free,,,,,,,,,
Agnes Riley Gardens,Park,Lambeth,1.5669,Free,,,,,,,,,
Rush Common,Park,Lambeth,3.5563,De facto,,,,,,,,,
Vauxhall Pleasure Gardens,Park,Lambeth,2.9385,Free,,,,,,,,,
St. Leonard's Churchyard,Cemetery/churchyard,Lambeth,0.5065,Free,,,,,,,,,
Grafton Tennis and Squash Club,Playing fields,Lambeth,0.8578,Free,,,,,,,,,
Harleyford Road Community Garden,Community garden,Lambeth,0.2275,Free,,,,,,,,,
Ufford Street Gardens,Park,Lambeth,0.2088,Free,,,,,,,,,
Kendal Close Open Space,Amenity green space,Lambeth,0.4039,Free,,,,,,,,,
Eardley Road Sidings,Nature reserve,Lambeth,1.4698,Free,,,,,,,,,
Albert Embankment,Walking/cycling route,Lambeth,1.009,Free,,,,,,,,,
Bernie Spain Gardens,Community garden,Lambeth,0.356,Free,,,,,,,,,
Dan Leno Gardens,Formal garden,Lambeth,0.0963,Free,,,,,,,,,
Stewart's Road Adventure Playground,Adventure playground,Lambeth,0.1603,Restricted,,,,,,,,,
St Thomas' Parish Church,Cemetery/churchyard,Lambeth,0.2583,Free,,,,,,,,,
Knights Hill Wood Nature Reserve,Nature reserve,Lambeth,0.2381,Free,,,,,,,,,
Streatham Vale Park,Park,Lambeth,2.1985,Free,,,,,,,,,
Brockwell Park,Park,Lambeth,51.6263,Free,,,,,,,,,
Waterloo Millennium Green,Park,Lambeth,0.5592,Free,,,,,,,,,
Palace Road Nature Garden,Nature reserve,Lambeth,0.6714,Free,,,,,,,,,
Kennington Green,Formal garden,Lambeth,0.0964,Free,,,,,,,,,
Kennington Park (Lambeth),Park,Lambeth,13.7543,Free,,,,,,,,,
Holmewood Gardens,Park,Lambeth,0.6481,Free,,,,,,,,,
Valley Park Playground,Play space,Lambeth,0.0502,Free,,,,,,,,,
Windmill Gardens,Park,Lambeth,0.7723,Free,,,,,,,,,
Becondale Road Open Space,Formal garden,Lambeth,0.0294,De facto,,,,,,,,,
Elam Street Open Space,Park,Lambeth,0.8838,Free,,,,,,,,,
St John's Nature Garden,Community garden,Lambeth,0.1065,Free,,,,,,,,,
Fitzalan Street,Formal garden,Lambeth,0.1416,Free,,,,,,,,,
"St John's Church Gardens, Waterloo",Formal garden,Lambeth,0.4199,Free,,,,,,,,,
Gabriels Wharf,Park,Lambeth,0.5254,Free,,,,,,,,,
Dumbarton Court,Road island/verge,Lambeth,0.0957,De facto,,,,,,,,,
St Mary's Church Gardens (Lambeth),Formal garden,Lambeth,0.1038,Free,,,,,,,,,
Hillside Gardens Park,Park,Lambeth,1.4875,Free,,,,,,,,,
Wyck Gardens,Park,Lambeth,1.7294,Free,,,,,,,,,
St Mark's Churchyard,Cemetery/churchyard,Lambeth,0.6184,De facto,,,,,,,,,
Telford Park Tennis Club,Playing fields,Lambeth,0.9068,Free,,,,,,,,,
Bonnington Square Gardens (The Pleasure Garden),Community garden,Lambeth,0.0464,Free,,,,,,,,,
St Paul's Churchyard,Cemetery/churchyard,Lambeth,0.3433,Free,,,,,,,,,
Coldharbour Lane Open space,Amenity green space,Lambeth,0.468,De facto,,,,,,,,,
Kirkstall Gardens,Formal garden,Lambeth,0.1292,Free,,,,,,,,,
Eythorne Park,Park,Lambeth,1.963,Free,,,,,,,,,
Open space on Russell Grove,Amenity green space,Lambeth,0.381,Free,,,,,,,,,
Durham Hill,Park,Lewisham,12.5649,Free,,,,,,,,,
Forbanks Ground Sports Ground,Playing fields,Lewisham,2.3071,De facto,,,,,,,,,
Riverview Walk,Park,Lewisham,3.3589,Free,,,,,,,,,
Somerset Gardens,Amenity green space,Lewisham,0.1067,Free,,,,,,,,,
Telegraph Hill Park,Park,Lewisham,4.1598,Free,,,,,,,,,
Bell Green Pond,Nature reserve,Lewisham,0.4672,Free,,,,,,,,,
Hither Green Cemetery,Cemetery/churchyard,Lewisham,17.9991,Free,,,,,,,,,
St. Mary's Churchyard Lewisham,Cemetery/churchyard,Lewisham,0.89,Free,,,,,,,,,
Baxter Field,Park,Lewisham,0.9875,Free,,,,,,,,,
Honor Oak Adventure Playground and Reserve,Adventure playground,Lewisham,1.4782,Free,,,,,,,,,
Friendly Gardens (Lewisham),Park,Lewisham,1.4252,Free,,,,,,,,,
Pepys Playground,Play space,Lewisham,0.4035,Free,,,,,,,,,
Hilly Fields (Lewisham),Park,Lewisham,18.9833,Free,,,,,,,,,
Mayow Park,Park,Lewisham,7.0173,Free,,,,,,,,,
Luxmore Gardens,Park,Lewisham,0.4135,Free,,,,,,,,,
Ten-Em-Bee Sports Club,Playing fields,Lewisham,2.5828,De facto,,,,,,,,,
Grove Close Green Space,Other recreational,Lewisham,0.3981,Free,,,,,,,,,
St Magaret's Square,Amenity green space,Lewisham,0.1248,Free,,,,,,,,,
Charlottenburg Gardens,Amenity green space,Lewisham,0.1358,Free,,,,,,,,,
Hatcham gardens,Park,Lewisham,0.462,Free,,,,,,,,,
Charlottenburg Park,Park,Lewisham,0.4887,Free,,,,,,,,,
Ravensbourne Park Gardens,Park,Lewisham,0.8374,Free,,,,,,,,,
Manor House Gardens,Park,Lewisham,3.9173,Free,,,,,,,,,
Ladywell Green,Amenity green space,Lewisham,0.9144,Free,,,,,,,,,
Evelyn Green,Recreation ground,Lewisham,1.1895,Free,,,,,,,,,
Grove Park Library Gardens,Amenity green space,Lewisham,0.7925,Free,,,,,,,,,
Chinbrook Meadows (Lewisham),Park,Lewisham,11.102,Free,,,,,,,,,
Beckenham Place Park Summerhouse Fields,Park,Lewisham,7.4611,Free,,,,,,,,,
Edith Nesbit Gardens,Park,Lewisham,0.564,Free,,,,,,,,,
Beachborough Gardens,Amenity green space,Lewisham,0.5466,Free,,,,,,,,,
Lewisham Crematorium,Cemetery/churchyard,Lewisham,3.8009,Free,,,,,,,,,
Northbrook Park,Park,Lewisham,3.7754,Free,,,,,,,,,
Folkestone Gardens,Park,Lewisham,2.5065,Free,,,,,,,,,
Dartmouth Road Open Space,Amenity green space,Lewisham,0.0986,Free,,,,,,,,,
Beckenham Hill Park,Park,Lewisham,0.8114,Free,,,,,,,,,
Pool River Open Space,Nature reserve,Lewisham,8.04,Free,,,,,,,,,
Lewisham Park,Park,Lewisham,4.1315,Free,,,,,,,,,
Crofton Park Railway Garden,Community garden,Lewisham,0.0637,Restricted,,,,,,,,,
Shaw Road Open Space,Amenity green space,Lewisham,0.3088,Free,,,,,,,,,
St. Margarets Churchyard,Cemetery/churchyard,Lewisham,0.8628,Free,,,,,,,,,
Sunning Hill Road,Amenity green space,Lewisham,0.0223,Free,,,,,,,,,
Longshore Open Space South,Amenity green space,Lewisham,0.4533,Free,,,,,,,,,
Ferranti Park,Park,Lewisham,0.2308,Free,,,,,,,,,
River Ravensbourne by Brookmill Park,River,Lewisham,0.8301,Free,,,,,,,,,
Sue Godfrey Nature Park,Nature reserve,Lewisham,0.5871,Free,,,,,,,,,
Vineries Nature Reserve,Nature reserve,Lewisham,0.664,Free,,,,,,,,,
Grove Park Cemetery,Cemetery/churchyard,Lewisham,9.1537,Free,,,,,,,,,
Horniman Museum Gardens,Formal garden,Lewisham,6.0913,Free,,,,,,,,,
Home Park,Park,Lewisham,3.1492,Free,,,,,,,,,
Garthorne Road Nature Reserve,Nature reserve,Lewisham,3.0526,Restricted,,,,,,,,,
Albion Millennium Green,Public woodland,Lewisham,0.7306,Free,,,,,,,,,
Kirkdale Green,Amenity green space,Lewisham,0.2475,Free,,,,,,,,,
Thurbarn Road,Amenity green space,Lewisham,0.1421,Free,,,,,,,,,
Westbourne Drive Enclosure,Park,Lewisham,0.4367,Free,,,,,,,,,
St Norbert Green,Amenity green space,Lewisham,0.1264,Free,,,,,,,,,
Guys Hospital Sports Ground,Playing fields,Lewisham,5.8345,De facto,,,,,,,,,
Bromley Hill Cemetery,Cemetery/churchyard,Lewisham,2.9909,Restricted,,,,,,,,,
Bridgehouse Meadows,Nature reserve,Lewisham,2.895,De facto,,,,,,,,,
West of SELCHP,Canal,Lewisham,0.1182,Free,,,,,,,,,
Brookmill Park,Park,Lewisham,2.7241,Free,,,,,,,,,
Bellingham Green,Park,Lewisham,0.911,Free,,,,,,,,,
Downham Woodland Walk Nature Reserve,Nature reserve,Lewisham,3.6998,Free,,,,,,,,,
Lewisham War Memorial Gardens,Community garden,Lewisham,0.5022,Free,,,,,,,,,
Duncombe Hill,Amenity green space,Lewisham,0.0967,Free,,,,,,,,,
Mountsfield Park,Park,Lewisham,13.3745,Free,,,,,,,,,
Sydenham Wells Park,Park,Lewisham,8.1547,Free,,,,,,,,,
Frendsbury Gardens,Community garden,Lewisham,0.1306,Free,,,,,,,,,
Beckenham Place Park Common,Park,Lewisham,17.5451,Free,,,,,,,,,
Sydenham Cottages Nature Reserve,Nature reserve,Lewisham,0.5378,Free,,,,,,,,,
Southend Park,Park,Lewisham,2.7279,Free,,,,,,,,,
Gilmore Road Triangle,Community garden,Lewisham,0.7369,Free,,,,,,,,,
Belingham Play Park,Play space,Lewisham,2.1785,Free,,,,,,,,,
Cornmill Gardens,Park,Lewisham,1.2414,Free,,,,,,,,,
Grove Park Nature Reserve,Nature reserve,Lewisham,5.1719,Free,,,,,,,,,
Fordham Park,Park,Lewisham,3.4595,Free,,,,,,,,,
Chingford Meadows Lane,Walking/cycling route,Lewisham,0.2666,Free,,,,,,,,,
Deptford War Memorial Gardens,Formal garden,Lewisham,0.5126,Free,,,,,,,,,
Elliott Forde Park,Play space,Lewisham,0.1519,Free,,,,,,,,,
Surrey Canal,Canal,Lewisham,0.2276,Free,,,,,,,,,
Queens Road,Amenity green space,Lewisham,0.1415,Part free,,,,,,,,,
Oslac Road,Amenity green space,Lewisham,0.1575,Free,,,,,,,,,
Manor Park (Lewisham),Park,Lewisham,1.3642,Free,,,,,,,,,
Longshore Open Space North,Amenity green space,Lewisham,0.2482,Free,,,,,,,,,
Blythe Hill Fields,Park,Lewisham,7.0669,Free,,,,,,,,,
Broadway Fields,Park,Lewisham,0.7455,Free,,,,,,,,,
"Goan Club, Ravensbourne Avenue",Recreation ground,Lewisham,2.3538,De facto,,,,,,,,,
Deptford Park,Park,Lewisham,7.0016,Free,,,,,,,,,
"St Pauls Churchyard, Deptford",Cemetery/churchyard,Lewisham,0.9085,Free,,,,,,,,,
Forster Memorial Park,Park,Lewisham,16.7681,Free,,,,,,,,,
Horniman Triangle Play Park,Play space,Lewisham,1.6583,Free,,,,,,,,,
Eckington Gardens,Park,Lewisham,0.8921,Free,,,,,,,,,
Brockley and Ladywell Cemetery,Cemetery/churchyard,Lewisham,14.9093,Restricted,,,,,,,,,
Sayers Court Park Play Area,Play space,Lewisham,0.1171,Free,,,,,,,,,
Beckenham Place Park,Park,Lewisham,70.3921,Free,,,,,,,,,
Ladywell Fields,Park,Lewisham,16.2303,Free,,,,,,,,,
Margaret McMillan Park (Lewisham),Park,Lewisham,1.2403,Free,,,,,,,,,
Pepys Park,Park,Lewisham,2.6478,Free,,,,,,,,,
Downham Playing Fields,Playing fields,Lewisham,7.7354,Free,,,,,,,,,
Culverley Green,Other recreational,Lewisham,0.1567,Free,,,,,,,,,
Turnham Road Green,Amenity green space,Lewisham,0.0616,Free,,,,,,,,,
Sayes Court Park,Park,Lewisham,1.0016,Free,,,,,,,,,
Peckham Rye Park,Common,Southwark,42.9133,Free,,,,,,,,,
"St Mary's Churchyard, Rotherhithe",Cemetery/churchyard,Southwark,0.2154,Free,,,,,,,,,
Warwick Gardens,Park,Southwark,1.5327,Free,,,,,,,,,
Camberwell Old Cemetery,Cemetery/churchyard,Southwark,11.6224,Free,,,,,,,,,
Honor Oak Sports Ground,Recreation ground,Southwark,4.4704,Free,,,,,,,,,
Dulwich Upper Wood,Nature reserve,Southwark,2.1452,Free,,,,,,,,,
Consort Park,Park,Southwark,0.3364,Free,,,,,,,,,
Montague Square,Adventure playground,Southwark,0.1044,Free,,,,,,,,,
"Former Canal, Peckham",Canal,Southwark,2.43,Free,,,,,,,,,
Holly Grove Shrubbery,Park,Southwark,0.3257,Free,,,,,,,,,
Southwark Park,Park,Southwark,25.5915,Free,,,,,,,,,
Bird-in-Bush Park,Park,Southwark,0.4617,Free,,,,,,,,,
Honor Oak Crematorium,Cemetery/churchyard,Southwark,2.57,Free,,,,,,,,,
King's Stairs Gardens,Park,Southwark,3.3043,Free,,,,,,,,,
Greendale Playing Fields,Playing fields,Southwark,0.6604,Free,,,,,,,,,
Brunswick Park,Park,Southwark,1.6014,Free,,,,,,,,,
Leathermarket Gardens,Park,Southwark,1.1932,Free,,,,,,,,,
Hankey Place Gardens,Formal garden,Southwark,0.0792,Free,,,,,,,,,
West Square Gardens,Formal garden,Southwark,0.3575,Free,,,,,,,,,
Kirkwood Road Nature Reserve,Nature reserve,Southwark,0.1931,Free,,,,,,,,,
Dulwich Park,Park,Southwark,29.6494,Free,,,,,,,,,
Bermondsey Spa Gardens,Park,Southwark,1.5518,Free,,,,,,,,,
Bramcote Green,Nature reserve,Southwark,0.1943,Free,,,,,,,,,
Dawson's Hill,Nature reserve,Southwark,2.6681,Free,,,,,,,,,
Dr Harold Moody Park,Park,Southwark,0.5079,De facto,,,,,,,,,
Camberwell New Cemetery,Cemetery/churchyard,Southwark,12.1983,Free,,,,,,,,,
Brenchley Gardens,Amenity green space,Southwark,3.6201,Free,,,,,,,,,
King Edward III's Manor House,Park,Southwark,0.3127,Free,,,,,,,,,
Cossall Park,Park,Southwark,1.1209,Free,,,,,,,,,
Paterson Park,Park,Southwark,0.4626,Free,,,,,,,,,
Brimmington Park,Park,Southwark,1.8048,Free,,,,,,,,,
Neptune Street Park,Park,Southwark,0.091,Free,,,,,,,,,
Sydenham Hill Wood and Cox's Walk,Nature reserve,Southwark,10.4022,Free,,,,,,,,,
Dulwich Woods,Public woodland,Southwark,16.1496,Free,,,,,,,,,
Calypso Gardens,Formal garden,Southwark,0.2304,Free,,,,,,,,,
Nunhead Cemetery,Cemetery/churchyard,Southwark,20.2304,Free,,,,,,,,,
Pearsons Park,Park,Southwark,0.3956,Free,,,,,,,,,
"One Tree Hill, Camberwell Old Cemetery & Honor Oak",Nature reserve,Southwark,6.9457,Free,,,,,,,,,
King George's Field,Park,Southwark,0.6459,Free,,,,,,,,,
"St Mary's Gardens, Rotherhithe",Park,Southwark,0.3695,Free,,,,,,,,,
Leyton Square,Park,Southwark,1.0095,Free,,,,,,,,,
Piermont Green,Park,Southwark,0.4134,Free,,,,,,,,,
Belair Park,Park,Southwark,15.7636,Free,,,,,,,,,
Russia Dock Woodlands,Public woodland,Southwark,10.4633,Free,,,,,,,,,
Stave Hill Ecological Park,Nature reserve,Southwark,2.6037,Free,,,,,,,,,
Benhill Road Nature Garden,Nature reserve,Southwark,0.1672,Free,,,,,,,,,
Mint Street Park,Park,Southwark,0.8951,Free,,,,,,,,,
Long Meadow,Park,Southwark,1.4619,Free,,,,,,,,,
Pullen Gardens,Formal garden,Southwark,0.3005,Free,,,,,,,,,
Newington Gardens,Park,Southwark,1.3336,Free,,,,,,,,,
Dog Kennel Hill Open Space,Park,Southwark,0.9037,Free,,,,,,,,,
Draycott Close Playground,Play space,Southwark,0.1314,De facto,,,,,,,,,
Burgess Park,Playing fields,Southwark,44.9874,Free,,,,,,,,,
Potters Fields Park,Park,Southwark,1.2686,Free,,,,,,,,,
Carlton Avenue/Townley Road Memorial Garden,Formal garden,Southwark,0.1144,Free,,,,,,,,,
All Hallows' Churchyard,Cemetery/churchyard,Southwark,0.0715,Free,,,,,,,,,
Paragon Gardens,Park,Southwark,0.6044,Free,,,,,,,,,
Victory Community Park,Park,Southwark,0.503,Free,,,,,,,,,
Bolton Crescent Open Space,Amenity green space,Southwark,0.0126,Free,,,,,,,,,
Crossbones Graveyard,Community garden,Southwark,0.1064,Restricted,,,,,,,,,
Geraldine Mary Harmsworth Park,Park,Southwark,6.1692,Free,,,,,,,,,
Christchurch Gardens,Cemetery/churchyard,Southwark,0.4376,Free,,,,,,,,,
Dickens Square Park,Park,Southwark,1.1521,Free,,,,,,,,,
Little Dorrit Park,Park,Southwark,0.304,Free,,,,,,,,,
Marlborough Sports Garden,Playing fields,Southwark,0.3412,Free,,,,,,,,,
Nelson Square Gardens,Formal garden,Southwark,0.4028,Free,,,,,,,,,
Pasley Park,Park,Southwark,1.5664,Free,,,,,,,,,
Nursery Row Park,Park,Southwark,1.7488,Free,,,,,,,,,
Burgess Park Nature Area,Nature reserve,Southwark,2.0155,Free,,,,,,,,,
Tabard Gardens,Park,Southwark,1.6341,Free,,,,,,,,,
Guy Street Park,Recreation ground,Southwark,0.3866,Free,,,,,,,,,
Cherry Gardens,Formal garden,Southwark,0.4115,Free,,,,,,,,,
Dog Kennel Hill Adventure Playground,Adventure playground,Southwark,0.3856,Restricted,,,,,,,,,
Sunray Gardens,Park,Southwark,1.5807,Free,,,,,,,,,
Pelier Park,Park,Southwark,0.3619,Free,,,,,,,,,
Tabard Square,Civic/market square,Southwark,0.3987,Free,,,,,,,,,
Sceaux Gardens,Park,Southwark,0.6957,Free,,,,,,,,,
Falmouth Road Gardens,Park,Southwark,0.1878,Free,,,,,,,,,
Red Cross Garden,Formal garden,Southwark,0.1221,Free,,,,,,,,,
Camberwell Green,Park,Southwark,0.9086,Free,,,,,,,,,
St George's Churchyard and Gardens,Park,Southwark,0.2842,Free,,,,,,,,,
St John's Churchyard,Park,Southwark,0.8441,Free,,,,,,,,,
Green Dale Fields,Playing fields,Southwark,2.3443,Free,,,,,,,,,
St Giles Churchyard,Cemetery/churchyard,Southwark,0.9454,Free,,,,,,,,,
Diversity Garden,Community garden,Southwark,0.0504,Free,,,,,,,,,
More London,Civic/market square,Southwark,4.1805,Free,,,,,,,,,
Lucas Gardens,Park,Southwark,1.7243,Free,,,,,,,,,
Middleton Green,Formal garden,Tower Hamlets,0.3386,Free,,,,,,,,,
East India Dock Basin,Nature reserve,Tower Hamlets,3.9671,Free,,,,,,,,,
Texaco Green,Formal garden,Tower Hamlets,0.1861,Free,,,,,,,,,
Mile End Park Extension (Regents Canal),Park,Tower Hamlets,0.9931,Free,,,,,,,,,
Stonebridge Wharf,Amenity green space,Tower Hamlets,0.1359,Free,,,,,,,,,
Christ Church Gardens,Cemetery/churchyard,Tower Hamlets,0.1767,Free,,,,,,,,,
Albert Gardens,Formal garden,Tower Hamlets,0.2766,Free,,,,,,,,,
Lockside (Regents Canal - Limehouse),Canal,Tower Hamlets,0.1007,Free,,,,,,,,,
Elf Green,Nature reserve,Tower Hamlets,0.0774,De facto,,,,,,,,,
Jolly's Green,Formal garden,Tower Hamlets,0.8297,Free,,,,,,,,,
Mallon Gardens,Formal garden,Tower Hamlets,0.0789,Free,,,,,,,,,
Jubilee Park (Tower Hamlets),Park,Tower Hamlets,1.1263,Free,,,,,,,,,
Beaumont Square Gardens,Park,Tower Hamlets,0.4032,Free,,,,,,,,,
St Dunstan's Churchyard,Cemetery/churchyard,Tower Hamlets,1.8464,Free,,,,,,,,,
Shadwell Walk,Canal,Tower Hamlets,0.9932,Free,,,,,,,,,
Stoneyard Lane Gardens,Formal garden,Tower Hamlets,0.1435,Free,,,,,,,,,
Globe Road Open Space,Formal garden,Tower Hamlets,0.0337,Free,,,,,,,,,
Ion Square Gardens,Park,Tower Hamlets,1.0406,Free,,,,,,,,,
Paradise Gardens,Formal garden,Tower Hamlets,0.1621,Free,,,,,,,,,
Jesus Green,Park,Tower Hamlets,0.3653,Free,,,,,,,,,
Barnardo Gardens,Community garden,Tower Hamlets,0.2935,Free,,,,,,,,,
Strafford Street Play Area,Play space,Tower Hamlets,0.1683,Free,,,,,,,,,
Waterside Gardens,Formal garden,Tower Hamlets,0.1362,Free,,,,,,,,,
Masthouse Terrace Playarea,Youth area,Tower Hamlets,0.3409,Free,,,,,,,,,
King Edward Memorial Park,Park,Tower Hamlets,3.3047,Free,,,,,,,,,
Robin Hood Gardens,Formal garden,Tower Hamlets,0.9172,Free,,,,,,,,,
Lincoln N Estate,Park,Tower Hamlets,0.5791,Free,,,,,,,,,
Stepping Stones City Farm,City farm,Tower Hamlets,1.3452,Free,,,,,,,,,
Whitehorse Road Park,Park,Tower Hamlets,1.2652,Free,,,,,,,,,
Carlton Square Grassland,Formal garden,Tower Hamlets,0.7924,Free,,,,,,,,,
Baxendale Street Gardens,Formal garden,Tower Hamlets,0.0299,Free,,,,,,,,,
Grove Hall Park,Park,Tower Hamlets,1.3013,Free,,,,,,,,,
Furze Green Open Space,Park,Tower Hamlets,0.8526,Free,,,,,,,,,
Prospect Park,Park,Tower Hamlets,0.4093,Free,,,,,,,,,
Bromley Gardens (aka Bob's Park),Park,Tower Hamlets,0.5182,Free,,,,,,,,,
Virginia Quay Park,Park,Tower Hamlets,0.2898,Free,,,,,,,,,
Aberfeldy Millennium Green,Formal garden,Tower Hamlets,0.3834,Free,,,,,,,,,
Canary Wharf Open Spaces East,Amenity green space,Tower Hamlets,0.4902,Free,,,,,,,,,
Cabot Square,Civic/market square,Tower Hamlets,0.4712,Free,,,,,,,,,
Bate Street Green,Formal garden,Tower Hamlets,0.0636,Free,,,,,,,,,
Pennyfields Open Space,Park,Tower Hamlets,0.6534,Free,,,,,,,,,
Trinity Gardens (Tower Hamlets),Formal garden,Tower Hamlets,0.4159,Free,,,,,,,,,
Tower Hamlets Cemetery Park,Cemetery/churchyard,Tower Hamlets,11.3771,Free,,,,,,,,,
Wellington Way Mound,Play space,Tower Hamlets,0.3307,Free,,,,,,,,,
Victoria Park (Tower Hamlets),Park,Tower Hamlets,87.1959,Free,,,,,,,,,
Bethnal Green Gardens,Park,Tower Hamlets,3.5186,Free,,,,,,,,,
St. Bartholemews Gardens,Park,Tower Hamlets,0.4091,Free,,,,,,,,,
Museum Gardens,Formal garden,Tower Hamlets,1.0556,Free,,,,,,,,,
Cephas Avenue Square,Civic/market square,Tower Hamlets,0.1047,Free,,,,,,,,,
Carefield Street Walk,Formal garden,Tower Hamlets,0.1957,Free,,,,,,,,,
Wapping Green,Formal garden,Tower Hamlets,0.2783,Free,,,,,,,,,
Gosling Gardens,Amenity green space,Tower Hamlets,0.294,Free,,,,,,,,,
Stepney Green Gardens,Formal garden,Tower Hamlets,0.511,Free,,,,,,,,,
Raines Mansions,Formal garden,Tower Hamlets,0.1651,Free,,,,,,,,,
Schoolhouse Lane Pitch,Recreation ground,Tower Hamlets,0.0724,Free,,,,,,,,,
Pallard Square,Park,Tower Hamlets,0.4689,Free,,,,,,,,,
Wakefield Gardens,Formal garden,Tower Hamlets,0.0932,Free,,,,,,,,,
Swedenborg Gardens,Park,Tower Hamlets,1.6076,Free,,,,,,,,,
Hermitage Basin,Formal garden,Tower Hamlets,0.3452,Free,,,,,,,,,
Regents Canal,Canal,Tower Hamlets,6.9299,Free,,,,,,,,,
Warner Green Open Space,Formal garden,Tower Hamlets,0.2984,Free,,,,,,,,,
Mercers Burial Ground,Cemetery/churchyard,Tower Hamlets,0.098,Free,,,,,,,,,
Chicksand Ghat,Play space,Tower Hamlets,0.2333,Free,,,,,,,,,
Ford Square Gardens,Park,Tower Hamlets,0.1684,Free,,,,,,,,,
Rectory Gardens,Formal garden,Tower Hamlets,0.2411,Free,,,,,,,,,
Millwall Outer Dock Crescent,Formal garden,Tower Hamlets,0.4522,Free,,,,,,,,,
Malmesbury Estate - Harley Grove,Amenity green space,Tower Hamlets,0.1381,Free,,,,,,,,,
Millwall Park,Park,Tower Hamlets,8.7619,Free,,,,,,,,,
Vallance Gardens,Formal garden,Tower Hamlets,0.5501,Free,,,,,,,,,
Belgrave Street Open Space,Formal garden,Tower Hamlets,0.6513,Free,,,,,,,,,
Trafalgar Gardens (Tower Hamlets),Recreation ground,Tower Hamlets,0.2534,Free,,,,,,,,,
Mile End Childrens Play Pavilion & Park,Play space,Tower Hamlets,1.7396,Restricted,,,,,,,,,
Poplar Recreation Ground,Park,Tower Hamlets,1.7858,Free,,,,,,,,,
Mudchute Park,Park,Tower Hamlets,8.653,Free,,,,,,,,,
St George's Gardens,Cemetery/churchyard,Tower Hamlets,1.517,Free,,,,,,,,,
Sir John McDougal Park,Park,Tower Hamlets,2.1788,Free,,,,,,,,,
Wapping Woods,Park,Tower Hamlets,1.6865,Free,,,,,,,,,
York Square Gardens,Formal garden,Tower Hamlets,0.0884,Free,,,,,,,,,
Ropemakers Fields,Park,Tower Hamlets,1.8226,Free,,,,,,,,,
Brickfield Gardens,Park,Tower Hamlets,0.8543,Free,,,,,,,,,
Limehouse Cut,Canal,Tower Hamlets,3.7505,Free,,,,,,,,,
Poplar Dockride Amenity Area,Formal garden,Tower Hamlets,0.2338,Free,,,,,,,,,
Selwyn Green,Park,Tower Hamlets,0.1913,Free,,,,,,,,,
Fairfoot Old Railway,Nature reserve,Tower Hamlets,0.7324,Free,,,,,,,,,
The Oval (Tower Hamlets),Civic/market square,Tower Hamlets,0.0661,Free,,,,,,,,,
Leven Road Green,Park,Tower Hamlets,0.5108,Free,,,,,,,,,
Wapping Gardens,Park,Tower Hamlets,1.2935,Free,,,,,,,,,
Stepney Green Park,Park,Tower Hamlets,4.6357,Free,,,,,,,,,
London Yard,Civic/market square,Tower Hamlets,0.4323,Free,,,,,,,,,
Boundary Gardens,Formal garden,Tower Hamlets,0.2544,Free,,,,,,,,,
Weavers Fields,Park,Tower Hamlets,6.283,Free,,,,,,,,,
St. Matthew's Church Gardens Bethnal Green,Formal garden,Tower Hamlets,0.8515,Free,,,,,,,,,
St. Leonard's Adventurous Playspace,Play space,Tower Hamlets,0.2455,Free,,,,,,,,,
Children's Play Area (Wapping Neighbourhood Park),Recreation ground,Tower Hamlets,0.079,Free,,,,,,,,,
Brathewaite Park,Park,Tower Hamlets,0.445,Free,,,,,,,,,
Altab Ali Park,Park,Tower Hamlets,0.4842,Free,,,,,,,,,
Cavell Street Gardens,Formal garden,Tower Hamlets,0.1116,Free,,,,,,,,,
Crossrail Place Roof Garden,Formal garden,Tower Hamlets,0.7664,Free,,,,,,,,,
Stepney Clocktower,Civic/market square,Tower Hamlets,0.0464,Free,,,,,,,,,
Spitalfields City Farm,City farm,Tower Hamlets,1.0098,Free,,,,,,,,,
Rope Walk Gardens,Park,Tower Hamlets,0.584,Free,,,,,,,,,
Kings Wharf,Formal garden,Tower Hamlets,0.1799,Free,,,,,,,,,
The Old Churchyard / Scandrett St,Cemetery/churchyard,Tower Hamlets,0.2615,Free,,,,,,,,,
All Saints Churchyard (Tower Hamlets),Cemetery/churchyard,Tower Hamlets,0.9437,Free,,,,,,,,,
Mudchute City Farm,City farm,Tower Hamlets,3.909,Free,,,,,,,,,
Westferry Circus,Formal garden,Tower Hamlets,0.3135,Free,,,,,,,,,
Wapping Rose Gardens,Park,Tower Hamlets,0.6134,Free,,,,,,,,,
Twelve Trees Crescent,Formal garden,Tower Hamlets,0.1554,Free,,,,,,,,,
Mansford Street Open Space,Play space,Tower Hamlets,0.2379,Free,,,,,,,,,
Mile End Park Stadium,Other recreational,Tower Hamlets,2.5958,Free,,,,,,,,,
Wapping Neighbourhood Park,Park,Tower Hamlets,0.1468,Free,,,,,,,,,
Limehouse Basin,Canal,Tower Hamlets,3.47,Free,,,,,,,,,
Island Gardens,Formal garden,Tower Hamlets,1.2444,Free,,,,,,,,,
Tower Bridge Piazza,Formal garden,Tower Hamlets,0.3011,Free,,,,,,,,,
Sidney Square Gardens,Formal garden,Tower Hamlets,0.1346,Free,,,,,,,,,
Langdon Park,Park,Tower Hamlets,1.7215,Free,,,,,,,,,
Ackroyd Drive Greenlink Local Nature Reserve,Nature reserve,Tower Hamlets,0.7043,Free,,,,,,,,,
Arbour Square Gardens,Formal garden,Tower Hamlets,0.2687,Free,,,,,,,,,
St. Mary-by-Bow Church,Cemetery/churchyard,Tower Hamlets,0.2786,Free,,,,,,,,,
Canada Square Gardens,Civic/market square,Tower Hamlets,0.4882,Free,,,,,,,,,
Meath Gardens,Park,Tower Hamlets,3.8599,Free,,,,,,,,,
Church Green,Formal garden,Tower Hamlets,0.1396,Free,,,,,,,,,
Bartlett Park,Park,Tower Hamlets,4.9478,Free,,,,,,,,,
Hertford Union Canal,Canal,Tower Hamlets,2.9468,Free,,,,,,,,,
Mile End Park,Park,Tower Hamlets,23.4833,Free,,,,,,,,,
St. James Gardens,Formal garden,Tower Hamlets,0.6315,Free,,,,,,,,,
Avis Square,Civic/market square,Tower Hamlets,0.2572,Free,,,,,,,,,
Bonner Hall Gate,Amenity green space,Tower Hamlets,0.1799,Free,,,,,,,,,
St. Paul's - Shadwell,Cemetery/churchyard,Tower Hamlets,0.3467,Free,,,,,,,,,
Canary Wharf Open Spaces West,Amenity green space,Tower Hamlets,0.0808,Free,,,,,,,,,
St John's Park,Park,Tower Hamlets,0.9532,Free,,,,,,,,,
Four Seasons Green,Park,Tower Hamlets,0.425,Free,,,,,,,,,
Tredegar Square Gardens,Formal garden,Tower Hamlets,0.5093,Free,,,,,,,,,
St. Anne's Church - Limehouse,Cemetery/churchyard,Tower Hamlets,0.9341,Free,,,,,,,,,
Shandy Park,Park,Tower Hamlets,1.4124,Free,,,,,,,,,
St. Matthias' Old Church,Cemetery/churchyard,Tower Hamlets,0.4091,Free,,,,,,,,,
Shackelwell Street Playground,Play space,Tower Hamlets,0.1713,Free,,,,,,,,,
Ravenscroft Park,Park,Tower Hamlets,1.0892,Free,,,,,,,,,
Trinity Square Gardens,Formal garden,Tower Hamlets,0.4743,Free,,,,,,,,,
Jubilee Gardens (Tower Hamlets),Formal garden,Tower Hamlets,0.2521,Free,,,,,,,,,
"Bishops Square, Spitalfields",Civic/market square,Tower Hamlets,1.233,Free,,,,,,,,,
Allen Gardens,Park,Tower Hamlets,1.2781,Free,,,,,,,,,
Tower Hill Terrace,Civic/market square,Tower Hamlets,0.1082,Free,,,,,,,,,
Hermitage Riverside Memorial Garden,Formal garden,Tower Hamlets,0.4025,Free,,,,,,,,,
Hellings Street Playpark,Play space,Tower Hamlets,0.147,Free,,,,,,,,,
Virginia Gardens,Formal garden,Tower Hamlets,0.1111,Free,,,,,,,,,
Canrobert Street Open Space,Formal garden,Tower Hamlets,0.3385,Free,,,,,,,,,
Heathbrook Park,Park,Wandsworth,2.3554,Free,,,,,,,,,
Balham Leisure Centre playground,Play space,Wandsworth,0.0601,Free,,,,,,,,,
Coronation Gardens (Wandsworth),Formal garden,Wandsworth,1.0042,Free,,,,,,,,,
St John the Evangelist R.C. Polish Church,Cemetery/churchyard,Wandsworth,0.2008,Free,,,,,,,,,
Wandsworth Common,Common,Wandsworth,52.0221,Free,,,,,,,,,
Falcon Park,Park,Wandsworth,2.7004,Free,,,,,,,,,
Latchmere Recreation Ground,Park,Wandsworth,0.7807,Free,,,,,,,,,
Lambeth Cemetery,Cemetery/churchyard,Wandsworth,20.8599,Free,,,,,,,,,
Godley Gardens,Park,Wandsworth,0.2707,Free,,,,,,,,,
Bramford Gardens,Park,Wandsworth,0.4187,Free,,,,,,,,,
Swaby Gardens,Formal garden,Wandsworth,0.1444,Free,,,,,,,,,
St Nicholas's Churchyard,Cemetery/churchyard,Wandsworth,1.0555,Free,,,,,,,,,
Putney Common,Common,Wandsworth,13.7159,Free,,,,,,,,,
Wandsworth Common - Open Space Area North,Amenity green space,Wandsworth,0.2737,Free,,,,,,,,,
Putney Park Lane,Walking/cycling route,Wandsworth,1.793,Free,,,,,,,,,
Bell Lane Spit,Public woodland,Wandsworth,0.0961,Free,,,,,,,,,
All Saints Meadow (Putney Common),Common,Wandsworth,2.6608,Free,,,,,,,,,
All Saints Church (Wandsworth),Cemetery/churchyard,Wandsworth,0.4143,Free,,,,,,,,,
Battersea Rise Cemetery (St Mary's),Cemetery/churchyard,Wandsworth,3.1084,Free,,,,,,,,,
Upper Tooting Park Playground,Play space,Wandsworth,0.0902,Free,,,,,,,,,
Putney Old Burial Ground,Cemetery/churchyard,Wandsworth,0.3485,Free,,,,,,,,,
Dover House Road Estate,Amenity green space,Wandsworth,1.2709,Free,,,,,,,,,
Falcon Terrace Open Space,Amenity green space,Wandsworth,0.1296,Free,,,,,,,,,
York Gardens,Park,Wandsworth,2.8643,Free,,,,,,,,,
Tooting Bec Common,Common,Wandsworth,79.1684,Free,,,,,,,,,
All Saints Cricket Ground (Putney Common),Playing fields,Wandsworth,1.6838,Free,,,,,,,,,
Wandsworth Common - St James Drive,Common,Wandsworth,3.8683,Free,,,,,,,,,
Putney Lower Cemetery,Cemetery/churchyard,Wandsworth,1.2562,Free,,,,,,,,,
Garratt Lane Old Burial Ground,Amenity green space,Wandsworth,0.7575,Free,,,,,,,,,
Chancery Mews playground,Play space,Wandsworth,0.0102,Free,,,,,,,,,
Wandsworth Cemetery,Cemetery/churchyard,Wandsworth,13.6223,Free,,,,,,,,,
Wandsworth Park,Park,Wandsworth,8.944,Free,,,,,,,,,
Harroway Gardens,Park,Wandsworth,0.4411,Free,,,,,,,,,
Leaders Gardens,Park,Wandsworth,1.2677,Free,,,,,,,,,
Fred Wells Gardens,Park,Wandsworth,0.8505,Free,,,,,,,,,
"Land adjacent to hall, adjacent to 22 Lyford Road",Amenity green space,Wandsworth,0.4266,Free,,,,,,,,,
Lavender Gardens,Amenity green space,Wandsworth,0.1742,Free,,,,,,,,,
Putney Vale Playing Fields and Stag Lane,Playing fields,Wandsworth,15.8,Free,,,,,,,,,
Wandsworth Common - St. Marks,Common,Wandsworth,1.4327,Free,,,,,,,,,
The Pleasuance Open Space,Amenity green space,Wandsworth,1.2336,Free,,,,,,,,,
St Ann's Church Grounds,Cemetery/churchyard,Wandsworth,0.321,Free,,,,,,,,,
King George's Park (Wandsworth),Park,Wandsworth,20.8986,Free,,,,,,,,,
Shillington Park,Park,Wandsworth,1.9681,Free,,,,,,,,,
Wandsworth Common - Prison Bank,Common,Wandsworth,1.6723,Free,,,,,,,,,
Thameside Path Open Space,Civic/market square,Wandsworth,0.1556,Free,,,,,,,,,
Open Space on Queenstown Road,Amenity green space,Wandsworth,0.0561,Free,,,,,,,,,
Battersea Park,Park,Wandsworth,80.6936,Free,,,,,,,,,
Streatham Cemetery,Cemetery/churchyard,Wandsworth,14.7363,Free,,,,,,,,,
Hughenot Burial Ground,Cemetery/churchyard,Wandsworth,0.1979,Free,,,,,,,,,
Fountain Road Recreation Ground,Recreation ground,Wandsworth,0.6117,Free,,,,,,,,,
Tooting Gardens,Park,Wandsworth,0.7405,Free,,,,,,,,,
Furzedown Recreation Ground,Recreation ground,Wandsworth,1.425,Free,,,,,,,,,
All Saints Churchyard (Wandsworth),Cemetery/churchyard,Wandsworth,0.4726,Free,,,,,,,,,
Horse Close Wood,Public woodland,Wandsworth,1.9666,Free,,,,,,,,,
St Barnabas Church Grounds,Cemetery/churchyard,Wandsworth,0.1183,Free,,,,,,,,,
Wandsworth Common - Westside,Common,Wandsworth,11.2424,Free,,,,,,,,,
Bramford Community Garden,Community garden,Wandsworth,0.0575,Free,,,,,,,,,
Christchurch Gardens (Wandsworth),Formal garden,Wandsworth,0.1167,Free,,,,,,,,,
Barn Elms Park,Amenity green space,Wandsworth,0.4491,Free,,,,,,,,,
Garratt Park,Park,Wandsworth,2.978,Free,,,,,,,,,
Putney Vale Cemetery,Cemetery/churchyard,Wandsworth,18.2084,Free,,,,,,,,,
Albion Riverside,Civic/market square,Wandsworth,1.0212,Free,,,,,,,,,
Montefiore Gardens,Park,Wandsworth,0.2223,Free,,,,,,,,,
Garratt Green,Park,Wandsworth,3.3432,Free,,,,,,,,,
Beverley Lane,Walking/cycling route,Wandsworth,0.8155,Free,,,,,,,,,
Putney Heath (North),Nature reserve,Wandsworth,61.3448,Free,,,,,,,,,
Trafalgar Square,Civic/market square,Westminster,1.0961,Free,,,,,,,,,
Westminster Cathedral Piazza,Civic/market square,Westminster,0.2234,Free,,,,,,,,,
St James The Lesser Church Forecourt,Cemetery/churchyard,Westminster,0.0877,Free,,,,,,,,,
The Queens Chapel of the Savoy,Cemetery/churchyard,Westminster,0.0694,Restricted,,,,,,,,,
New Trinity Mews Playground,Play space,Westminster,0.1372,Free,,,,,,,,,
Rathbone Square,Civic/market square,Westminster,0.1496,Free,,,,,,,,,
Sussex Gardens,Formal garden,Westminster,0.128,Free,,,,,,,,,
Paddington Green,Park,Westminster,0.4761,Free,,,,,,,,,
St Mary's Church Grounds,Cemetery/churchyard,Westminster,0.3916,Free,,,,,,,,,
Causton Street Playground,Play space,Westminster,0.112,Free,,,,,,,,,
Inigo Jones Gardens,Formal garden,Westminster,0.2243,Free,,,,,,,,,
Paddington Recreation Ground,Recreation ground,Westminster,10.6359,Free,,,,,,,,,
St Augustine's Church,Cemetery/churchyard,Westminster,0.4424,Free,,,,,,,,,
Cavendish Square,Formal garden,Westminster,0.6481,Free,,,,,,,,,
St John's Gardens (Westminster),Formal garden,Westminster,0.5843,Free,,,,,,,,,
Victoria Tower Gardens South,Formal garden,Westminster,0.1797,Free,,,,,,,,,
Somerset House,Civic/market square,Westminster,0.3747,Free,,,,,,,,,
Garden Of Rest Marylebone High Road,Formal garden,Westminster,0.0333,Free,,,,,,,,,
Mount Street Gardens,Formal garden,Westminster,0.606,Free,,,,,,,,,
Stone Wharf,Civic/market square,Westminster,0.1958,Free,,,,,,,,,
Hyde Park,Park,Westminster,138.5339,Free,,,,,,,,,
Upper Grosvenor Gardens,Formal garden,Westminster,0.1817,Free,,,,,,,,,
Soho Square,Formal garden,Westminster,0.4572,Free,,,,,,,,,
Orange Square,Civic/market square,Westminster,0.0548,Free,,,,,,,,,
Pimlico Gardens,Park,Westminster,0.4229,Free,,,,,,,,,
Pearson Square,Civic/market square,Westminster,0.154,Free,,,,,,,,,
Abbots Manor Playground,Play space,Westminster,0.0298,Free,,,,,,,,,
St John's Smith Square,Cemetery/churchyard,Westminster,0.1036,Free,,,,,,,,,
St Mary's Churchyard (Westminster),Cemetery/churchyard,Westminster,1.3418,Free,,,,,,,,,
Paddington Street Gardens (North),Park,Westminster,0.2294,Free,,,,,,,,,
Micky Star Play Project,Play space,Westminster,0.0835,Free,,,,,,,,,
Lower Grosvenor Gardens,Formal garden,Westminster,0.2879,Free,,,,,,,,,
Drury Lane Gardens,Formal garden,Westminster,0.097,Free,,,,,,,,,
White Hall Extension,Formal garden,Westminster,0.6375,Free,,,,,,,,,
Channel Four Community Garden,Formal garden,Westminster,0.1793,Free,,,,,,,,,
The Victoria Tower Gardens,Park,Westminster,2.0307,Free,,,,,,,,,
Orange Park,Park,Westminster,0.0898,Free,,,,,,,,,
Tate Gallery Gardens,Formal garden,Westminster,0.6942,Free,,,,,,,,,
Westminster Abbey,Cemetery/churchyard,Westminster,1.0495,Free,,,,,,,,,
The Green Park,Park,Westminster,19.2979,Free,,,,,,,,,
Ebury Square Gardens,Civic/market square,Westminster,0.2454,Free,,,,,,,,,
Lisson Gardens,Formal garden,Westminster,0.1413,Free,,,,,,,,,
Berkeley Square,Formal garden,Westminster,1.0226,Free,,,,,,,,,
Covent Garden,Civic/market square,Westminster,0.8275,Free,,,,,,,,,
St James's Square,Formal garden,Westminster,0.9159,Free,,,,,,,,,
Parliament Square,Formal garden,Westminster,0.5464,Free,,,,,,,,,
Cleveland Street Pocket Park,Park,Westminster,0.0142,Free,,,,,,,,,
Tamplin Mews Garden & Playground,Park,Westminster,0.441,Free,,,,,,,,,
Brown Hart Gardens,Formal garden,Westminster,0.1211,Free,,,,,,,,,
Longmoore Gardens Playground,Play space,Westminster,0.0536,Free,,,,,,,,,
Queens Park Gardens,Park,Westminster,1.176,Free,,,,,,,,,
St Stephen's Gardens,Play space,Westminster,0.1243,Free,,,,,,,,,
St John's Wood Churchyard Gardens,Formal garden,Westminster,2.2519,Free,,,,,,,,,
George & Dragon Memorial,Civic/market square,Westminster,0.0591,Free,,,,,,,,,
Carlton Gardens - George 6th Statue,Civic/market square,Westminster,0.1206,Free,,,,,,,,,
Grosvenor Square,Formal garden,Westminster,1.7735,Free,,,,,,,,,
Victoria Square,Formal garden,Westminster,0.0324,Free,,,,,,,,,
Paddington Street Gardens (South),Park,Westminster,0.9279,Free,,,,,,,,,
St John's Wood Adventure Playground,Play space,Westminster,0.0958,Free,,,,,,,,,
Kildare Gardens,Formal garden,Westminster,0.0451,Free,,,,,,,,,
Whitehall Gardens,Formal garden,Westminster,0.8465,Free,,,,,,,,,
Riverside Walk Gardens,Formal garden,Westminster,0.1913,Free,,,,,,,,,
Westbourne Green Sports Complex,Other recreational,Westminster,2.2484,Free,,,,,,,,,
St James's Piccadilly Church Garden,Cemetery/churchyard,Westminster,0.2047,Free,,,,,,,,,
St George's Square (south),Formal garden,Westminster,1.3022,Free,,,,,,,,,
Buckingham Palace External Forecourt,Civic/market square,Westminster,2.4995,Free,,,,,,,,,
Broadley Street Gardens,Formal garden,Westminster,0.2617,Free,,,,,,,,,
Hanover Square,Civic/market square,Westminster,0.2849,Free,,,,,,,,,
Golden Square,Formal garden,Westminster,0.2024,Free,,,,,,,,,
Prince's Gardens,Formal garden,Westminster,1.1016,Free,,,,,,,,,
Randolf Gardens,Formal garden,Westminster,0.0697,Free,,,,,,,,,
Victoria Embankment Gardens,Formal garden,Westminster,2.0602,Free,,,,,,,,,
Leicester Square,Civic/market square,Westminster,0.9701,Free,,,,,,,,,
St Anne's Churchyard,Formal garden,Westminster,0.1701,Free,,,,,,,,,
Paddington Central,Civic/market square,Westminster,0.5694,Free,,,,,,,,,
"Christchurch Gardens, Victoria Street",Formal garden,Westminster,0.2811,Free,,,,,,,,,
Abingdon Street Gardens (westminster Abbey & Parliment Square),Formal garden,Westminster,0.2155,Free,,,,,,,,,
Lillington and Longmoore Gardens Estate,Amenity green space,Westminster,1.0745,Free,,,,,,,,,
Bessborough Gardens,Formal garden,Westminster,0.5536,Free,,,,,,,,,
Cardinal Place,Civic/market square,Westminster,0.911,Free,,,,,,,,,
Norfolk Square Gardens,Formal garden,Westminster,0.2621,Free,,,,,,,,,
Montpelier Square,Formal garden,Westminster,0.2072,Free,,,,,,,,,
Royal Academy,Civic/market square,Westminster,0.1753,Free,,,,,,,,,
Porchester Square Gardens,Formal garden,Westminster,0.407,Free,,,,,,,,,
Sussex Street Playground,Play space,Westminster,0.0659,Free,,,,,,,,,
Horse Guards Parade,Civic/market square,Westminster,2.4583,Free,,,,,,,,,
St James's Park,Park,Westminster,22.9436,Free,,,,,,,,,
Temple Gardens,Formal garden,Westminster,0.3033,Free,,,,,,,,,
Edbrooke Garden,Park,Westminster,0.286,Free,,,,,,,,,
Westbourne Gardens,Formal garden,Westminster,0.1153,Free,,,,,,,,,
Millbank Gardens,Park,Westminster,0.2356,Free,,,,,,,,,
Violet Hill Gardens,Play space,Westminster,0.2297,Free,,,,,,,,,
St Mary's Square Open Space,Park,Westminster,0.0764,Free,,,,,,,,,
Rembrandt Gardens,Formal garden,Westminster,0.2981,Free,,,,,,,,,
Talbot Square Gardens,Formal garden,Westminster,0.0907,Free,,,,,,,,,
Westbourne Green,Park,Westminster,3.5965,Free,,,,,,,,,
Shrewsbury Road Open Space,Formal garden,Westminster,0.1515,Free,,,,,,,,,
Randolph Gardens Open Space,Park,Westminster,0.549,Free,,,,,,,,,
Harrow Road Open Space,Amenity green space,Westminster,0.1001,Free,,,,,,,,,